Date,GHI (W/m^2),DNI (W/m^2),DIF (W/m^2),Temperature (°C),Earth Skin Temperature (°C),Max Temperature (°C),Min Temperature (°C),Humidity (%),Precipitation (mm),Wind Speed 10m (m/s),Wind Direction 10m (°),Surface Pressure (hPa),Daylight Hours,Dust Accumulation,Cleaning Event,Shading Event,Panel Degradation (%),SHAP Value,Most Impactful Feature,Recommendation,Efficiency (%)
01-01-2024,2.97,2.2275,0.7425,13.92,14.59,23.08,7.31,44.94,0.0,2.8,53.9,0.9763,10,0.0,0,0,0.0,28.48382453147613,Dust Accumulation,Significant impact from Dust Accumulation. Investigate further.,46.70192599
02-01-2024,2.59,2.0,0.59,13.71,14.33,23.19,6.59,41.59,0.0,2.87,68.7,0.9754,10,0.027830154,0,0,0.136986301,34.59202907111379,Earth Skin Temperature (°C),Significant impact from Earth Skin Temperature (°C). Investigate further.,40.65694006
03-01-2024,2.21,1.11,1.1,13.3,14.11,22.22,6.94,43.16,0.0,2.91,47.8,0.9751,10,0.056158069,0,0,0.273972603,38.858956836134894,Earth Skin Temperature (°C),Significant impact from Earth Skin Temperature (°C). Investigate further.,34.6325965
04-01-2024,2.54,1.67,0.87,10.98,11.95,19.1,5.06,46.56,0.0,2.83,37.4,0.9761,10,0.070912548,0,0,0.410958904,34.89741818480019,Earth Skin Temperature (°C),Significant impact from Earth Skin Temperature (°C). Investigate further.,39.7361344
05-01-2024,2.86,2.12,0.74,10.84,11.65,19.82,3.82,52.19,0.0,2.69,56.7,0.9762,10,0.098590687,0,0,0.547945205,30.65566771618265,Temperature (°C),Significant impact from Temperature (°C). Investigate further.,44.66612882
06-01-2024,2.92,2.2,0.72,11.54,12.23,19.91,5.27,67.76,0.0,2.97,49.7,0.9774,10,0.118463974,0,0,0.684931507,28.462506735525675,Earth Skin Temperature (°C),Significant impact from Earth Skin Temperature (°C). Investigate further.,45.5257144
07-01-2024,2.15,0.97,1.18,12.25,13.01,20.85,5.42,60.55,0.0,2.73,79.2,0.9775,10,0.139239877,0,0,0.821917808,39.53190755313088,Earth Skin Temperature (°C),Significant impact from Earth Skin Temperature (°C). Investigate further.,33.46380111
08-01-2024,2.3,1.15,1.15,14.29,14.64,24.31,6.33,58.71,0.0,2.97,104.5,0.9767,10,0.0,1,0,0.95890411,38.28733030254953,Earth Skin Temperature (°C),Significant impact from Earth Skin Temperature (°C). Investigate further.,35.73788013
09-01-2024,2.99,2.4,0.59,13.32,13.95,20.99,7.59,55.63,0.05,3.34,19.3,0.9781,10,0.0,1,0,1.095890411,28.468055377273703,Dust Accumulation,Significant impact from Dust Accumulation. Investigate further.,46.38072425
10-01-2024,3.47,2.6025,0.8675,11.37,12.04,20.59,4.38,49.1,0.0,3.08,35.1,0.9775,10,0.022051422,0,0,1.232876712,18.011077556054225,Earth Skin Temperature (°C),Significant impact from Earth Skin Temperature (°C). Investigate further.,53.7356414
11-01-2024,4.23,3.1725,1.0575,12.81,12.88,23.74,4.89,38.01,0.0,2.44,56.9,0.9772,10,0.041239793,0,0,1.369863014,12.4965331705712,DNI (W/m^2),Significant impact from DNI (W/m^2). Investigate further.,65.39449532
12-01-2024,4.42,3.315,1.105,14.87,14.73,25.79,5.96,33.27,0.0,3.05,108.7,0.9759,10,0.064628565,0,0,1.506849315,12.79471025706138,GHI (W/m^2),Significant impact from GHI (W/m^2). Investigate further.,68.21693293
13-01-2024,3.27,2.26,1.01,16.44,15.73,25.85,9.21,37.46,0.0,2.9,197.3,0.9747,10,0.091207492,0,0,1.643835616,19.84901705754979,Earth Skin Temperature (°C),Significant impact from Earth Skin Temperature (°C). Investigate further.,50.38346083
14-01-2024,4.28,3.21,1.07,15.33,14.9,24.54,9.72,33.51,0.0,2.37,33.9,0.9754,10,0.115797145,0,0,1.780821918,12.464874708071,DNI (W/m^2),Significant impact from DNI (W/m^2). Investigate further.,65.83480583
15-01-2024,3.71,3.25,0.46,14.03,14.7,24.47,6.54,30.11,0.0,2.55,48.4,0.9752,10,0.142061677,0,0,1.917808219,12.854303192917142,DNI (W/m^2),Significant impact from DNI (W/m^2). Investigate further.,56.97160629
16-01-2024,4.47,3.29,1.18,15.37,15.01,25.28,6.69,29.47,0.0,2.34,112.2,0.9722,10,0.0,1,0,2.054794521,12.173723761068976,GHI (W/m^2),Significant impact from GHI (W/m^2). Investigate further.,68.52768494
17-01-2024,3.44,3.04,0.4,14.67,15.05,24.3,6.93,40.8,0.0,2.58,90.4,0.9717,10,0.018540109,0,0,2.191780822,18.881919877866167,DNI (W/m^2),Significant impact from DNI (W/m^2). Investigate further.,52.64924818
18-01-2024,3.64,3.34,0.3,14.1,14.62,23.4,6.22,41.31,0.0,2.29,89.3,0.9745,10,0.035249548,0,0,2.328767123,13.34127571588382,DNI (W/m^2),Significant impact from DNI (W/m^2). Investigate further.,55.61750683
19-01-2024,3.79,3.67,0.12,14.3,14.72,24.0,6.66,40.9,0.0,2.81,123.2,0.9755,10,0.062329944,0,0,2.465753425,11.359674949953916,DNI (W/m^2),Significant impact from DNI (W/m^2). Investigate further.,57.81319175
20-01-2024,3.53,3.17,0.36,13.8,14.62,22.88,6.3,41.47,0.0,2.64,99.9,0.9762,10,0.07444978,0,0,2.602739726,15.34412192139309,DNI (W/m^2),Significant impact from DNI (W/m^2). Investigate further.,53.75777026
21-01-2024,3.99,3.98,0.01,13.79,14.23,23.97,6.7,37.42,0.0,2.71,31.8,0.9769,10,0.103261465,0,0,2.739726027,10.72832065278315,Wind Speed 10m (m/s),Significant impact from Wind Speed 10m (m/s). Investigate further.,60.66237898
22-01-2024,4.3,3.225,1.075,14.77,14.12,23.89,6.39,28.89,0.0,2.51,124.0,0.9768,10,0.127204265,0,0,2.876712329,12.665793081104058,DNI (W/m^2),Significant impact from DNI (W/m^2). Investigate further.,65.26738162
23-01-2024,4.08,3.06,1.02,15.36,15.26,24.63,8.12,32.8,0.0,2.65,114.6,0.9758,10,0.144233356,0,0,3.01369863,12.341199962467654,DNI (W/m^2),Significant impact from DNI (W/m^2). Investigate further.,61.82587589
24-01-2024,3.62,3.01,0.61,14.05,14.56,22.74,8.64,38.6,0.0,2.2,26.7,0.9761,10,0.0,1,0,3.150684932,13.342888934595392,DNI (W/m^2),Significant impact from DNI (W/m^2). Investigate further.,54.76489346
25-01-2024,3.7,2.89,0.81,14.11,14.71,23.69,5.87,35.96,0.0,2.68,101.6,0.9778,10,0.021005489,0,0,3.287671233,13.190784516502754,DNI (W/m^2),Significant impact from DNI (W/m^2). Investigate further.,55.88305558
26-01-2024,3.81,3.1,0.71,15.98,16.43,25.83,7.45,29.97,0.0,2.73,122.3,0.9785,10,0.04620228,0,0,3.424657534,11.251325822981308,DNI (W/m^2),Significant impact from DNI (W/m^2). Investigate further.,57.44990515
27-01-2024,4.19,3.1425,1.0475,17.9,18.03,27.71,9.37,29.59,0.0,2.51,118.3,0.9778,10,0.076080075,0,1,3.561643836,12.662628569666994,DNI (W/m^2),Significant impact from DNI (W/m^2). Investigate further.,63.07619038
28-01-2024,2.43,0.79,1.64,18.16,17.49,25.66,13.18,34.58,0.0,3.14,237.9,0.9754,10,0.097434437,0,0,3.698630137,38.102498660620185,Earth Skin Temperature (°C),Significant impact from Earth Skin Temperature (°C). Investigate further.,36.52127783
29-01-2024,3.86,2.97,0.89,17.92,18.39,26.34,11.19,39.67,0.0,2.56,7.5,0.9759,10,0.114935558,0,0,3.835616438,10.841279180471902,DNI (W/m^2),Significant impact from DNI (W/m^2). Investigate further.,57.91838193
30-01-2024,2.97,0.69,2.28,17.68,17.96,24.37,11.82,42.56,0.0,1.97,42.7,0.9751,10,0.130725992,0,0,3.97260274,28.90065108179173,Wind Direction 10m (°),Significant impact from Wind Direction 10m (°). Investigate further.,44.49140809
31-01-2024,2.8,1.4,1.4,19.61,20.02,26.3,13.89,45.38,0.03,2.71,220.1,0.9731,10,0.0,1,0,4.109589041,30.77989570610865,Dust Accumulation,Significant impact from Dust Accumulation. Investigate further.,41.8764131
01-02-2024,4.44,3.33,1.11,18.75,19.3,27.37,12.47,43.27,0.0,3.92,269.7,0.9733,10,0.015390691,0,0,4.246575342,11.836962350295508,GHI (W/m^2),Significant impact from GHI (W/m^2). Investigate further.,70.93083727
02-02-2024,4.11,3.25,0.86,16.67,17.64,25.95,9.5,33.74,0.0,3.34,70.0,0.9769,10,0.033965738,0,0,4.383561644,11.862351023558295,Earth Skin Temperature (°C),Significant impact from Earth Skin Temperature (°C). Investigate further.,65.54486479
03-02-2024,2.01,0.13,1.88,18.75,19.55,27.02,11.32,33.35,0.12,3.32,158.8,0.9756,10,0.0,1,0,4.520547945,40.7755110947456,Humidity (%),Significant impact from Humidity (%). Investigate further.,31.99918744
04-02-2024,1.91,0.93,0.98,19.46,19.93,25.73,15.54,62.18,6.72,5.37,251.9,0.9746,10,0.0,1,0,4.657534247,41.811575435089765,Temperature (°C),Significant impact from Temperature (°C). Investigate further.,30.35453692
05-02-2024,4.27,3.91,0.36,15.42,16.56,22.15,10.4,61.1,0.05,2.66,17.7,0.9762,10,0.0,1,0,4.794520548,11.536369464484745,DNI (W/m^2),Significant impact from DNI (W/m^2). Investigate further.,67.74336624
06-02-2024,4.8,3.6,1.2,15.07,16.2,22.61,8.74,36.19,0.0,3.51,60.4,0.9778,10,0.025117069,0,0,4.931506849,9.6489782573306,GHI (W/m^2),No specific issue detected.,76.02038891
07-02-2024,3.62,2.34,1.28,15.43,16.15,22.3,10.81,36.21,0.01,3.57,58.3,0.9794,10,0.0,1,0,5.068493151,13.073826941599837,Earth Skin Temperature (°C),Significant impact from Earth Skin Temperature (°C). Investigate further.,57.23328355
08-02-2024,4.97,3.7275,1.2425,14.15,13.75,22.26,7.52,38.65,0.04,2.64,344.4,0.9795,10,0.0,1,0,5.205479452,8.862000894248485,GHI (W/m^2),No specific issue detected.,78.44206429
09-02-2024,5.32,3.99,1.33,15.74,14.88,24.84,9.26,26.32,0.0,1.75,74.9,0.9779,10,0.023073082,0,0,5.342465753,10.882342576807131,GHI (W/m^2),Significant impact from GHI (W/m^2). Investigate further.,83.82201084
10-02-2024,5.09,3.8175,1.2725,15.72,15.6,25.72,7.47,25.24,0.0,2.84,81.5,0.9792,10,0.038185623,0,0,5.479452055,8.622321746373782,GHI (W/m^2),No specific issue detected.,80.06068883
11-02-2024,4.97,3.7275,1.2425,15.57,16.3,25.63,7.52,28.35,0.0,3.0,49.8,0.9792,10,0.064057865,0,0,5.616438356,8.90404326391872,GHI (W/m^2),No specific issue detected.,78.03946826
12-02-2024,3.27,1.11,2.16,15.31,14.77,23.56,7.57,32.11,0.0,2.64,85.7,0.9778,10,0.080713361,0,1,5.753424658,19.55286826906144,Earth Skin Temperature (°C),Significant impact from Earth Skin Temperature (°C). Investigate further.,51.25819482
13-02-2024,3.8,2.3,1.5,15.65,15.8,23.55,9.5,29.71,0.0,2.65,25.3,0.977,10,0.108985339,0,0,5.890410959,11.07471070314292,Earth Skin Temperature (°C),Significant impact from Earth Skin Temperature (°C). Investigate further.,59.46453977
14-02-2024,4.33,3.37,0.96,15.37,15.65,24.75,8.22,31.68,0.0,2.94,18.8,0.9777,10,0.131236946,0,0,6.02739726,11.116040578592802,DNI (W/m^2),Significant impact from DNI (W/m^2). Investigate further.,67.64294927
15-02-2024,4.91,4.89,0.02,17.05,16.65,26.18,8.26,30.7,0.0,2.47,91.7,0.9779,10,0.0,1,0,6.164383562,8.566647498031962,GHI (W/m^2),No specific issue detected.,76.57333491
16-02-2024,5.18,3.885,1.295,18.45,18.26,27.83,10.3,28.8,0.0,2.41,74.7,0.978,10,0.011780067,0,0,6.301369863,8.156921358541586,GHI (W/m^2),No specific issue detected.,80.64705497
17-02-2024,5.08,3.81,1.27,20.0,18.95,29.54,10.8,22.21,0.0,2.12,41.3,0.974,10,0.027314587,0,0,6.438356164,9.126429286031051,GHI (W/m^2),No specific issue detected.,78.95622937
18-02-2024,4.45,2.68,1.77,20.3,19.44,30.5,11.41,18.56,0.0,3.86,219.5,0.9706,10,0.039450284,0,0,6.575342466,11.890507756055449,Temperature (°C),Significant impact from Temperature (°C). Investigate further.,69.04748731
19-02-2024,5.23,5.16,0.07,22.39,22.76,30.79,14.05,35.53,0.05,6.68,229.5,0.9683,10,0.0,1,0,6.712328767,8.53270254610281,GHI (W/m^2),No specific issue detected.,81.01323566
20-02-2024,4.98,3.62,1.36,21.16,21.76,28.91,14.86,40.38,0.02,4.89,264.5,0.9695,10,0.0,1,0,6.849315068,9.293432370491791,GHI (W/m^2),No specific issue detected.,77.01073893
21-02-2024,5.18,4.57,0.61,18.76,19.56,28.15,11.25,22.73,0.85,3.11,333.4,0.9696,10,0.0,1,0,6.98630137,8.644081274572526,GHI (W/m^2),No specific issue detected.,79.96880327
22-02-2024,5.44,4.08,1.36,18.13,19.03,26.85,11.73,24.47,0.0,3.18,357.5,0.972,10,0.021330924,0,0,7.123287671,10.204529669402982,GHI (W/m^2),Significant impact from GHI (W/m^2). Investigate further.,83.84165776
23-02-2024,5.76,4.32,1.44,17.8,18.73,26.5,9.74,25.91,0.0,2.45,76.4,0.9739,10,0.033778371,0,0,7.260273973,12.704869808042424,GHI (W/m^2),Significant impact from GHI (W/m^2). Investigate further.,88.62470144
24-02-2024,4.88,3.92,0.96,17.07,17.83,25.89,9.41,27.06,0.0,2.91,74.3,0.9734,10,0.053251833,0,0,7.397260274,9.719363656841452,GHI (W/m^2),No specific issue detected.,74.95915614
25-02-2024,4.95,4.32,0.63,17.06,17.66,25.77,9.71,33.63,0.0,4.35,103.8,0.9751,10,0.075081937,0,0,7.534246575,8.567868501791963,GHI (W/m^2),No specific issue detected.,75.907353
26-02-2024,2.97,0.32,2.65,19.15,19.99,27.58,12.28,29.41,0.01,4.72,99.8,0.975,10,0.0,1,0,7.671232877,25.92807627110044,DIF (W/m^2),Significant impact from DIF (W/m^2). Investigate further.,45.46844371
27-02-2024,5.07,4.03,1.04,19.2,20.93,27.91,12.94,37.1,0.0,4.42,42.2,0.9756,10,0.024295619,0,0,7.808219178,8.452862441728357,GHI (W/m^2),No specific issue detected.,77.4885977
28-02-2024,5.87,4.4025,1.4675,19.31,21.34,28.48,11.09,45.17,0.0,2.96,22.0,0.9751,10,0.052599862,0,0,7.945205479,11.318623106980231,GHI (W/m^2),Significant impact from GHI (W/m^2). Investigate further.,89.56644768
29-02-2024,6.01,4.5075,1.5025,21.68,22.97,30.73,12.87,30.81,0.0,2.65,61.4,0.9732,10,0.077815231,0,0,8.082191781,14.132603407447458,GHI (W/m^2),Significant impact from GHI (W/m^2). Investigate further.,98.0892875
01-03-2024,4.05,1.52,2.53,24.54,25.01,34.5,16.39,29.15,1.18,5.51,187.9,0.9699,12,0.0,1,0,8.219178082,5.595427654461819,Panel Degradation (%),High panel degradation detected. Consider panel maintenance or replacement.,79.17932347
02-03-2024,4.36,2.2,2.16,20.36,20.81,25.78,13.04,43.01,1.0,5.88,233.3,0.9684,12,0.0,1,0,8.356164384,1.6599278888257687,GHI (W/m^2),No specific issue detected.,85.08892337
03-03-2024,6.13,4.5975,1.5325,15.12,16.16,23.71,8.79,19.82,0.0,3.34,277.1,0.971,12,0.025361649,0,0,8.493150685,13.822933672632209,GHI (W/m^2),Significant impact from GHI (W/m^2). Investigate further.,100.0
04-03-2024,6.5,4.875,1.625,14.37,15.93,24.09,5.83,18.38,0.0,3.1,6.6,0.975,12,0.053661836,0,0,8.630136986,13.988690498328069,GHI (W/m^2),Significant impact from GHI (W/m^2). Investigate further.,100.0
05-03-2024,6.16,4.62,1.54,15.77,17.53,25.07,7.65,20.35,0.0,3.35,24.0,0.9758,12,0.067953444,0,0,8.767123288,13.820538020418024,GHI (W/m^2),Significant impact from GHI (W/m^2). Investigate further.,100.0
06-03-2024,4.97,4.36,0.61,17.28,18.56,26.82,8.52,22.93,0.0,2.91,7.5,0.974,12,0.083255876,0,0,8.904109589,10.864311047869268,GHI (W/m^2),Significant impact from GHI (W/m^2). Investigate further.,96.31094082
07-03-2024,5.48,5.0,0.48,20.04,20.85,28.96,11.8,27.54,0.0,2.92,249.3,0.9728,12,0.111052066,0,1,9.04109589,12.935760940985055,GHI (W/m^2),Significant impact from GHI (W/m^2). Investigate further.,100.0
08-03-2024,6.29,4.7175,1.5725,20.17,21.91,29.21,12.09,30.07,0.0,2.78,3.4,0.9743,12,0.126438454,0,0,9.178082192,13.361420965330908,GHI (W/m^2),Significant impact from GHI (W/m^2). Investigate further.,100.0
09-03-2024,6.44,4.83,1.61,20.49,22.33,29.69,12.07,24.94,0.0,3.26,21.1,0.9748,12,0.140067042,0,0,9.315068493,13.47553179360344,GHI (W/m^2),Significant impact from GHI (W/m^2). Investigate further.,100.0
10-03-2024,5.29,4.56,0.73,23.23,24.9,31.66,16.09,24.33,0.0,2.58,15.5,0.9739,12,0.0,1,0,9.452054795,12.442704399023787,GHI (W/m^2),Significant impact from GHI (W/m^2). Investigate further.,100.0
11-03-2024,6.15,4.6125,1.5375,24.31,25.86,33.16,18.27,22.35,0.0,2.96,311.4,0.9742,12,0.016275392,0,0,9.589041096,13.330473446332034,GHI (W/m^2),Significant impact from GHI (W/m^2). Investigate further.,100.0
12-03-2024,6.09,5.97,0.12,23.2,24.76,31.9,15.34,27.43,0.0,2.93,356.7,0.9734,12,0.039623361,0,0,9.726027397,13.304889085962786,GHI (W/m^2),Significant impact from GHI (W/m^2). Investigate further.,100.0
13-03-2024,5.54,4.97,0.57,24.26,24.51,32.76,17.45,27.46,0.0,3.98,262.2,0.9705,12,0.055921656,0,0,9.863013699,12.999466007850131,GHI (W/m^2),Significant impact from GHI (W/m^2). Investigate further.,100.0
14-03-2024,6.36,6.03,0.33,22.63,24.72,30.77,15.35,34.35,0.0,2.61,4.8,0.9731,12,0.069549296,0,0,10.0,13.358892995241913,GHI (W/m^2),Significant impact from GHI (W/m^2). Investigate further.,100.0
15-03-2024,6.64,4.98,1.66,22.57,24.43,31.3,15.11,29.53,0.0,3.43,19.4,0.9735,12,0.093249049,0,0,10.1369863,13.458894956756266,GHI (W/m^2),Significant impact from GHI (W/m^2). Investigate further.,100.0
16-03-2024,6.21,4.6575,1.5525,22.79,24.87,31.33,16.11,20.06,0.0,2.95,38.3,0.974,12,0.121912875,0,0,10.2739726,13.337259524186956,GHI (W/m^2),Significant impact from GHI (W/m^2). Investigate further.,100.0
17-03-2024,6.05,5.18,0.87,23.22,25.36,32.59,14.46,16.27,0.0,2.74,49.9,0.9738,12,0.133540165,0,0,10.4109589,13.349781590747298,GHI (W/m^2),Significant impact from GHI (W/m^2). Investigate further.,100.0
18-03-2024,6.68,5.01,1.67,23.59,24.72,32.28,14.92,19.54,0.0,2.76,29.1,0.973,12,0.0,1,0,10.54794521,13.271752327530994,GHI (W/m^2),Significant impact from GHI (W/m^2). Investigate further.,100.0
19-03-2024,6.61,4.9575,1.6525,25.78,26.24,34.95,17.64,19.46,0.0,3.43,359.3,0.9717,12,0.022280968,0,0,10.68493151,13.469314127836842,GHI (W/m^2),Significant impact from GHI (W/m^2). Investigate further.,100.0
20-03-2024,6.88,5.16,1.72,25.03,25.65,33.82,16.4,20.67,0.0,3.33,35.2,0.9726,12,0.048306807,0,0,10.82191781,13.385381022511863,GHI (W/m^2),Significant impact from GHI (W/m^2). Investigate further.,100.0
21-03-2024,6.31,5.48,0.83,25.29,25.69,33.83,17.68,17.2,0.0,2.53,120.2,0.9707,12,0.060551292,0,0,10.95890411,13.4386912259378,GHI (W/m^2),Significant impact from GHI (W/m^2). Investigate further.,100.0
22-03-2024,6.27,4.7025,1.5675,27.34,28.19,37.24,18.29,19.04,0.0,4.64,224.0,0.9678,12,0.082175705,0,0,11.09589041,13.585524300257676,GHI (W/m^2),Significant impact from GHI (W/m^2). Investigate further.,100.0
23-03-2024,6.55,6.18,0.37,28.45,29.47,37.67,19.06,20.02,0.0,1.91,263.1,0.9677,12,0.103956563,0,0,11.23287671,13.379874251494185,GHI (W/m^2),Significant impact from GHI (W/m^2). Investigate further.,100.0
24-03-2024,5.5,3.51,1.99,29.02,30.01,35.99,23.22,26.61,0.0,2.47,246.7,0.9689,12,0.132837448,0,1,11.36986301,13.003792945219905,GHI (W/m^2),Significant impact from GHI (W/m^2). Investigate further.,100.0
25-03-2024,6.42,6.08,0.34,27.67,29.73,36.33,19.53,28.04,0.0,3.25,36.0,0.9718,12,0.0,1,0,11.50684932,13.455411109861451,GHI (W/m^2),Significant impact from GHI (W/m^2). Investigate further.,100.0
26-03-2024,5.45,2.7,2.75,30.82,32.44,38.98,23.26,22.03,0.07,2.53,292.5,0.9704,12,0.0,1,0,11.64383562,12.545694824554957,GHI (W/m^2),Significant impact from GHI (W/m^2). Investigate further.,100.0
27-03-2024,5.95,4.06,1.89,31.05,32.51,40.24,23.24,29.88,0.01,4.26,248.2,0.9713,12,0.0,1,0,11.78082192,13.363559149547946,GHI (W/m^2),Significant impact from GHI (W/m^2). Investigate further.,100.0
28-03-2024,5.78,3.11,2.67,31.61,33.2,39.78,24.76,29.49,0.0,2.98,290.5,0.9693,12,0.023245657,0,0,11.91780822,12.620492023921688,GHI (W/m^2),Significant impact from GHI (W/m^2). Investigate further.,100.0
29-03-2024,5.41,2.74,2.67,31.12,33.02,39.22,23.45,28.28,0.0,4.1,229.4,0.9682,12,0.038447613,0,0,12.05479452,12.40953128724359,GHI (W/m^2),Significant impact from GHI (W/m^2). Investigate further.,100.0
30-03-2024,7.18,5.385,1.795,28.35,29.73,36.15,21.9,20.52,0.0,5.59,248.8,0.9699,12,0.058158659,0,0,12.19178082,13.444095401216764,GHI (W/m^2),Significant impact from GHI (W/m^2). Investigate further.,100.0
31-03-2024,7.12,5.34,1.78,27.14,29.12,35.3,19.57,23.95,0.0,3.79,286.6,0.9711,12,0.074985448,0,0,12.32876712,13.391414354632143,GHI (W/m^2),Significant impact from GHI (W/m^2). Investigate further.,100.0
01-04-2024,5.52,2.42,3.1,26.84,28.72,34.73,19.17,26.17,0.0,3.98,338.2,0.9691,12,0.100799893,0,0,12.46575342,12.814149677606766,GHI (W/m^2),Significant impact from GHI (W/m^2). Investigate further.,100.0
02-04-2024,6.83,6.03,0.8,29.08,30.23,36.99,21.76,15.24,0.0,2.53,323.9,0.967,12,0.112998621,0,0,12.60273973,13.3577868711052,GHI (W/m^2),Significant impact from GHI (W/m^2). Investigate further.,100.0
03-04-2024,5.43,2.16,3.27,28.05,28.69,34.71,21.07,25.64,0.0,3.84,222.2,0.9676,12,0.142867179,0,0,12.73972603,12.52796523069148,GHI (W/m^2),Significant impact from GHI (W/m^2). Investigate further.,100.0
04-04-2024,5.77,3.26,2.51,29.43,30.66,36.93,22.05,26.72,0.0,2.67,282.9,0.9677,12,0.0,1,0,12.87671233,12.572032575709745,GHI (W/m^2),Significant impact from GHI (W/m^2). Investigate further.,100.0
05-04-2024,3.96,0.84,3.12,26.31,27.63,32.59,23.06,39.31,0.11,3.42,352.5,0.969,12,0.0,1,0,13.01369863,5.217562774269027,Panel Degradation (%),High panel degradation detected. Consider panel maintenance or replacement.,78.1362334
06-04-2024,7.11,5.3325,1.7775,28.24,30.2,36.33,21.68,31.08,0.26,2.65,28.6,0.968,12,0.0,1,0,13.15068493,13.403242037678137,GHI (W/m^2),Significant impact from GHI (W/m^2). Investigate further.,100.0
07-04-2024,7.57,5.6775,1.8925,29.3,30.83,37.58,21.08,15.77,0.0,2.67,27.9,0.9681,12,0.023431339,0,0,13.28767123,13.363198909079657,GHI (W/m^2),Significant impact from GHI (W/m^2). Investigate further.,100.0
08-04-2024,7.28,5.46,1.82,31.34,32.19,39.39,22.02,13.37,0.0,2.5,229.6,0.9682,12,0.045430284,0,0,13.42465753,13.40399331478402,GHI (W/m^2),Significant impact from GHI (W/m^2). Investigate further.,100.0
09-04-2024,5.78,2.63,3.15,30.67,31.26,39.38,22.78,13.93,0.0,2.51,179.6,0.9679,12,0.0693622,0,0,13.56164384,12.778500365496148,GHI (W/m^2),Significant impact from GHI (W/m^2). Investigate further.,100.0
10-04-2024,5.51,3.06,2.45,30.75,32.02,39.49,24.43,20.04,0.0,4.36,156.4,0.968,12,0.085652551,0,0,13.69863014,12.76738483438501,GHI (W/m^2),Significant impact from GHI (W/m^2). Investigate further.,100.0
11-04-2024,5.37,3.33,2.04,30.82,32.7,39.88,21.79,34.76,0.12,4.41,178.3,0.969,12,0.0,1,0,13.83561644,12.635264498619362,GHI (W/m^2),Significant impact from GHI (W/m^2). Investigate further.,100.0
12-04-2024,6.06,3.91,2.15,31.43,33.08,38.79,24.31,25.11,1.21,3.76,174.2,0.9685,12,0.0,1,0,13.97260274,13.435435880117584,GHI (W/m^2),Significant impact from GHI (W/m^2). Investigate further.,100.0
13-04-2024,2.96,0.48,2.48,30.83,31.71,37.32,25.14,35.87,4.81,2.84,178.4,0.9678,12,0.0,1,0,14.10958904,29.73733093463001,DIF (W/m^2),Significant impact from DIF (W/m^2). Investigate further.,57.57962853
14-04-2024,4.63,1.27,3.36,28.29,29.24,33.99,23.72,46.47,2.15,3.31,266.1,0.9703,12,0.0,1,0,14.24657534,5.393836004056502,GHI (W/m^2),No specific issue detected.,89.90664033
15-04-2024,4.96,1.66,3.3,27.52,28.77,33.04,22.88,50.56,0.0,3.01,263.9,0.9717,12,0.019178892,0,0,14.38356164,10.242776305908338,GHI (W/m^2),Significant impact from GHI (W/m^2). Investigate further.,96.14516186
16-04-2024,7.2,6.69,0.51,28.07,29.64,34.43,22.32,42.9,0.0,3.5,331.7,0.9712,12,0.042414734,0,0,14.52054795,13.122711324307602,GHI (W/m^2),Significant impact from GHI (W/m^2). Investigate further.,100.0
17-04-2024,6.51,4.44,2.07,28.81,30.24,35.49,21.5,34.3,0.0,3.18,330.5,0.9695,12,0.055649186,0,0,14.65753425,13.163593778051435,GHI (W/m^2),Significant impact from GHI (W/m^2). Investigate further.,100.0
18-04-2024,5.11,2.56,2.55,29.76,30.57,37.23,22.96,32.12,2.25,3.72,272.3,0.9674,12,0.0,1,1,14.79452055,11.74864003205672,GHI (W/m^2),Significant impact from GHI (W/m^2). Investigate further.,98.53253361
19-04-2024,6.95,4.64,2.31,29.38,30.52,36.6,22.87,31.89,0.08,6.44,240.8,0.9647,12,0.0,1,0,14.93150685,13.20535910964245,GHI (W/m^2),Significant impact from GHI (W/m^2). Investigate further.,100.0
20-04-2024,6.27,3.67,2.6,27.93,30.09,35.11,20.24,35.82,0.0,3.31,276.1,0.9654,12,0.022220605,0,0,15.06849315,12.85925010218052,GHI (W/m^2),Significant impact from GHI (W/m^2). Investigate further.,100.0
21-04-2024,6.21,4.31,1.9,29.95,32.21,36.78,24.2,33.59,0.04,2.87,261.3,0.9657,12,0.0,1,0,15.20547945,13.016218899202068,GHI (W/m^2),Significant impact from GHI (W/m^2). Investigate further.,100.0
22-04-2024,7.08,6.88,0.2,30.24,32.26,35.9,25.52,32.74,0.01,2.12,311.0,0.9666,12,0.0,1,0,15.34246575,13.042893335435076,GHI (W/m^2),Significant impact from GHI (W/m^2). Investigate further.,100.0
23-04-2024,7.21,7.09,0.12,31.2,32.47,38.16,24.0,24.16,0.0,2.34,249.0,0.9656,12,0.010374867,0,0,15.47945205,13.010916869199136,GHI (W/m^2),Significant impact from GHI (W/m^2). Investigate further.,100.0
24-04-2024,7.4,7.33,0.07,31.56,33.22,39.06,22.96,19.06,0.0,1.83,338.5,0.9655,12,0.024322041,0,0,15.61643836,13.020681686764584,GHI (W/m^2),Significant impact from GHI (W/m^2). Investigate further.,100.0
25-04-2024,7.13,6.06,1.07,32.31,33.69,39.31,24.64,20.55,0.0,2.26,274.1,0.9655,12,0.037914723,0,0,15.75342466,13.00665733475762,GHI (W/m^2),Significant impact from GHI (W/m^2). Investigate further.,100.0
26-04-2024,7.5,7.21,0.29,31.97,33.24,38.74,25.83,22.18,0.0,5.78,231.2,0.9648,12,0.05907307,0,0,15.89041096,13.264702201333712,GHI (W/m^2),Significant impact from GHI (W/m^2). Investigate further.,100.0
27-04-2024,7.42,6.15,1.27,31.09,32.85,37.59,25.08,25.68,0.01,4.7,251.5,0.966,12,0.0,1,0,16.02739726,13.137607539320015,GHI (W/m^2),Significant impact from GHI (W/m^2). Investigate further.,100.0
28-04-2024,6.61,4.1,2.51,30.91,33.18,37.95,24.47,27.64,0.0,2.66,265.5,0.9665,12,0.02273765,0,1,16.16438356,12.741257019464392,GHI (W/m^2),Significant impact from GHI (W/m^2). Investigate further.,100.0
29-04-2024,7.38,6.5,0.88,30.47,32.16,38.44,23.63,22.3,0.0,5.44,260.9,0.9661,12,0.034541934,0,0,16.30136986,13.101034858509664,GHI (W/m^2),Significant impact from GHI (W/m^2). Investigate further.,100.0
30-04-2024,8.1,6.075,2.025,28.13,30.07,37.04,19.4,9.17,0.0,4.14,295.6,0.9661,12,0.062268015,0,0,16.43835616,13.12607625821838,GHI (W/m^2),Significant impact from GHI (W/m^2). Investigate further.,100.0
01-05-2024,7.79,5.8425,1.9475,27.12,29.67,35.31,18.85,22.51,0.0,4.4,348.5,0.9644,12,0.085562099,0,0,16.57534247,13.174579154872337,GHI (W/m^2),Significant impact from GHI (W/m^2). Investigate further.,100.0
02-05-2024,8.22,6.165,2.055,28.24,30.32,36.98,18.97,16.22,0.0,3.44,349.7,0.9656,12,0.105743352,0,0,16.71232877,13.150138069458771,GHI (W/m^2),Significant impact from GHI (W/m^2). Investigate further.,100.0
03-05-2024,6.4,4.08,2.32,31.68,31.94,39.23,23.89,11.14,0.0,2.51,285.8,0.9658,12,0.130063137,0,1,16.84931507,12.785034522040512,GHI (W/m^2),Significant impact from GHI (W/m^2). Investigate further.,100.0
04-05-2024,6.99,5.31,1.68,33.27,35.11,41.71,24.38,18.84,0.0,5.17,248.2,0.9651,12,0.0,1,0,16.98630137,13.146058314773256,GHI (W/m^2),Significant impact from GHI (W/m^2). Investigate further.,100.0
05-05-2024,7.48,6.36,1.12,33.02,35.69,41.45,24.19,22.77,0.0,3.87,305.4,0.9627,12,0.012385438,0,0,17.12328767,13.0420653428894,GHI (W/m^2),Significant impact from GHI (W/m^2). Investigate further.,100.0
06-05-2024,7.33,6.54,0.79,34.32,37.3,41.69,26.48,21.18,0.0,2.29,300.6,0.964,12,0.040918806,0,0,17.26027397,13.023028641821002,GHI (W/m^2),Significant impact from GHI (W/m^2). Investigate further.,100.0
07-05-2024,6.83,4.66,2.17,35.67,37.33,42.55,29.41,19.33,0.0,3.0,291.7,0.965,12,0.066401224,0,0,17.39726027,13.07878287051164,GHI (W/m^2),Significant impact from GHI (W/m^2). Investigate further.,100.0
08-05-2024,7.18,6.31,0.87,35.73,38.46,44.16,27.33,15.75,0.0,2.7,17.7,0.9642,12,0.081262779,0,0,17.53424658,13.155952121067676,GHI (W/m^2),Significant impact from GHI (W/m^2). Investigate further.,100.0
09-05-2024,7.04,5.72,1.32,35.68,38.11,44.13,26.49,16.25,0.0,3.03,160.9,0.9637,12,0.099676945,0,0,17.67123288,13.249029418333084,GHI (W/m^2),Significant impact from GHI (W/m^2). Investigate further.,100.0
10-05-2024,6.25,3.98,2.27,35.84,37.5,43.43,28.59,22.13,0.99,5.02,276.7,0.9648,12,0.0,1,0,17.80821918,13.058323042914854,GHI (W/m^2),Significant impact from GHI (W/m^2). Investigate further.,100.0
11-05-2024,6.93,5.5,1.43,35.24,38.61,41.75,28.09,23.25,1.34,1.67,308.7,0.9675,12,0.0,1,0,17.94520548,12.91978749008209,GHI (W/m^2),Significant impact from GHI (W/m^2). Investigate further.,100.0
12-05-2024,7.48,6.53,0.95,34.7,37.15,41.22,28.72,29.58,2.68,3.49,261.6,0.9678,12,0.0,1,0,18.08219178,13.108984311720706,GHI (W/m^2),Significant impact from GHI (W/m^2). Investigate further.,100.0
13-05-2024,5.38,2.84,2.54,34.8,37.53,41.6,27.71,24.11,0.0,2.44,20.9,0.9676,12,0.018137349,0,0,18.21917808,11.971804517964484,GHI (W/m^2),Significant impact from GHI (W/m^2). Investigate further.,100.0
14-05-2024,7.34,5.65,1.69,34.08,35.95,40.7,27.89,24.1,2.56,3.5,312.0,0.9685,12,0.0,1,0,18.35616438,13.093023973631787,GHI (W/m^2),Significant impact from GHI (W/m^2). Investigate further.,100.0
15-05-2024,7.73,7.2,0.53,35.48,36.81,42.89,28.62,18.02,0.0,2.65,332.4,0.9681,12,0.022815545,0,0,18.49315068,13.023146938834689,GHI (W/m^2),Significant impact from GHI (W/m^2). Investigate further.,100.0
16-05-2024,7.18,5.59,1.59,37.08,38.8,43.98,30.62,15.78,0.0,2.01,343.8,0.9674,12,0.038642429,0,0,18.63013699,13.02605214114592,GHI (W/m^2),Significant impact from GHI (W/m^2). Investigate further.,100.0
17-05-2024,6.59,4.55,2.04,37.88,39.19,45.16,31.04,15.07,0.0,3.14,333.1,0.9649,12,0.057003197,0,1,18.76712329,13.101745427540154,GHI (W/m^2),Significant impact from GHI (W/m^2). Investigate further.,100.0
18-05-2024,7.59,6.3,1.29,37.21,38.83,45.24,29.01,14.12,0.0,4.28,324.5,0.9625,12,0.069240059,0,0,18.90410959,13.13912228179106,GHI (W/m^2),Significant impact from GHI (W/m^2). Investigate further.,100.0
19-05-2024,6.04,3.54,2.5,37.11,39.2,45.14,28.88,18.24,0.0,3.47,319.2,0.9609,12,0.080636345,0,1,19.04109589,12.879857203985448,GHI (W/m^2),Significant impact from GHI (W/m^2). Investigate further.,100.0
20-05-2024,6.86,4.81,2.05,37.54,39.91,44.3,30.38,16.61,0.0,3.46,291.2,0.962,12,0.094666558,0,0,19.17808219,13.17369502432586,GHI (W/m^2),Significant impact from GHI (W/m^2). Investigate further.,100.0
21-05-2024,6.94,4.75,2.19,37.88,40.71,45.34,29.66,17.27,0.0,3.99,268.1,0.9623,12,0.116049135,0,0,19.31506849,13.151082533107257,GHI (W/m^2),Significant impact from GHI (W/m^2). Investigate further.,100.0
22-05-2024,7.53,6.48,1.05,38.68,41.86,46.54,31.37,15.91,0.0,2.73,269.7,0.9608,12,0.129424178,0,0,19.45205479,13.071855969529716,GHI (W/m^2),Significant impact from GHI (W/m^2). Investigate further.,100.0
23-05-2024,7.17,5.73,1.44,37.98,40.41,46.05,29.68,16.04,0.0,3.52,36.7,0.9591,12,0.144828707,0,0,19.5890411,13.21445836867206,GHI (W/m^2),Significant impact from GHI (W/m^2). Investigate further.,100.0
24-05-2024,6.71,4.8,1.91,37.97,41.19,44.89,31.27,22.9,0.0,4.27,99.6,0.9597,12,0.0,1,0,19.7260274,13.156013348923295,GHI (W/m^2),Significant impact from GHI (W/m^2). Investigate further.,100.0
25-05-2024,5.94,3.44,2.5,38.4,41.3,45.61,30.53,20.84,0.0,3.94,51.6,0.9599,12,0.027760991,0,0,19.8630137,12.842152187834726,GHI (W/m^2),Significant impact from GHI (W/m^2). Investigate further.,100.0
26-05-2024,7.49,5.66,1.83,39.69,41.48,47.54,33.04,16.25,0.0,3.45,320.5,0.9587,12,0.057485606,0,0,20.0,13.110815743192797,GHI (W/m^2),Significant impact from GHI (W/m^2). Investigate further.,100.0
27-05-2024,8.14,7.78,0.36,39.31,41.32,48.03,30.13,13.81,0.0,3.81,289.6,0.9562,12,0.074105742,0,0,20.1369863,13.117509057772113,GHI (W/m^2),Significant impact from GHI (W/m^2). Investigate further.,100.0
28-05-2024,7.93,6.89,1.04,38.26,39.83,47.81,29.33,15.76,0.0,6.71,260.0,0.9549,12,0.088175836,0,0,20.2739726,13.128875242290087,GHI (W/m^2),Significant impact from GHI (W/m^2). Investigate further.,100.0
29-05-2024,7.67,5.64,2.03,37.53,39.75,44.51,30.7,28.73,0.0,7.8,238.8,0.9567,12,0.109360347,0,0,20.4109589,13.236545607197332,GHI (W/m^2),Significant impact from GHI (W/m^2). Investigate further.,100.0
30-05-2024,7.64,6.13,1.51,37.97,40.71,45.19,31.14,26.22,0.0,6.29,248.2,0.9598,12,0.127536529,0,0,20.54794521,13.194400478948374,GHI (W/m^2),Significant impact from GHI (W/m^2). Investigate further.,100.0
31-05-2024,7.38,4.9,2.48,37.47,39.91,44.47,30.45,26.57,0.0,6.93,256.9,0.9612,12,0.0,1,0,20.68493151,12.817514051058678,GHI (W/m^2),Significant impact from GHI (W/m^2). Investigate further.,100.0
01-06-2024,6.62,3.99,2.63,36.44,39.28,42.45,30.86,28.44,1.4,4.83,246.6,0.9624,12,0.0,1,0,20.82191781,12.916687070491609,GHI (W/m^2),Significant impact from GHI (W/m^2). Investigate further.,100.0
02-06-2024,6.25,3.52,2.73,35.7,38.81,41.42,28.23,34.54,2.22,3.03,266.6,0.9633,12,0.0,1,0,20.95890411,12.803492156845168,GHI (W/m^2),Significant impact from GHI (W/m^2). Investigate further.,100.0
03-06-2024,7.32,5.05,2.27,37.69,40.49,43.75,32.1,25.53,0.22,4.04,253.5,0.9625,12,0.0,1,0,21.09589041,13.078564527555718,GHI (W/m^2),Significant impact from GHI (W/m^2). Investigate further.,100.0
04-06-2024,7.4,5.34,2.06,37.47,39.82,43.84,30.9,24.74,0.0,6.97,252.0,0.9626,12,0.027993801,0,0,21.23287671,13.178173595982951,GHI (W/m^2),Significant impact from GHI (W/m^2). Investigate further.,100.0
05-06-2024,7.63,5.95,1.68,35.92,38.44,42.19,29.82,27.42,0.0,6.78,237.9,0.9634,12,0.042801802,0,0,21.36986301,13.241330148475829,GHI (W/m^2),Significant impact from GHI (W/m^2). Investigate further.,100.0
06-06-2024,7.32,5.09,2.23,35.47,38.43,42.08,29.33,31.34,0.01,4.29,243.6,0.965,12,0.0,1,0,21.50684932,13.199062899074631,GHI (W/m^2),Significant impact from GHI (W/m^2). Investigate further.,100.0
07-06-2024,5.54,1.51,4.03,35.38,37.69,41.03,29.16,32.56,0.28,3.74,277.5,0.9636,12,0.0,1,0,21.64383562,12.44977991373802,GHI (W/m^2),Significant impact from GHI (W/m^2). Investigate further.,100.0
08-06-2024,6.57,3.34,3.23,35.69,38.69,40.94,30.52,33.9,0.91,3.27,295.4,0.9624,12,0.0,1,0,21.78082192,12.817033274554996,GHI (W/m^2),Significant impact from GHI (W/m^2). Investigate further.,100.0
09-06-2024,7.52,6.33,1.19,36.43,39.88,41.9,30.01,29.45,0.05,2.47,316.0,0.962,12,0.0,1,1,21.91780822,13.031887863389564,GHI (W/m^2),Significant impact from GHI (W/m^2). Investigate further.,100.0
10-06-2024,7.02,5.72,1.3,37.18,41.28,43.13,31.06,23.4,0.0,1.5,284.7,0.9621,12,0.016353897,0,0,22.05479452,12.975203790836384,GHI (W/m^2),Significant impact from GHI (W/m^2). Investigate further.,100.0
11-06-2024,7.06,5.93,1.13,37.57,41.06,43.25,30.93,22.91,0.0,3.96,259.1,0.9618,12,0.045484896,0,0,22.19178082,13.105578656577856,GHI (W/m^2),Significant impact from GHI (W/m^2). Investigate further.,100.0
12-06-2024,7.16,5.49,1.67,37.27,40.19,43.09,31.62,26.92,0.01,6.28,244.3,0.9619,12,0.0,1,0,22.32876712,13.214134642769933,GHI (W/m^2),Significant impact from GHI (W/m^2). Investigate further.,100.0
13-06-2024,6.75,3.92,2.83,36.88,39.75,42.36,31.58,28.46,0.04,6.2,249.6,0.9616,12,0.0,1,0,22.46575342,12.884495940531489,GHI (W/m^2),Significant impact from GHI (W/m^2). Investigate further.,100.0
14-06-2024,7.08,4.48,2.6,36.58,39.52,42.51,31.35,28.9,0.01,5.44,242.1,0.9614,12,0.0,1,0,22.60273973,12.922299520864035,GHI (W/m^2),Significant impact from GHI (W/m^2). Investigate further.,100.0
15-06-2024,7.52,6.66,0.86,36.85,39.98,42.78,30.65,30.55,0.0,5.68,247.0,0.9611,12,0.028127897,0,0,22.73972603,13.226742405696422,GHI (W/m^2),Significant impact from GHI (W/m^2). Investigate further.,100.0
16-06-2024,7.01,5.2,1.81,37.3,40.16,42.51,31.67,34.07,0.0,5.44,249.1,0.9613,12,0.038261093,0,0,22.87671233,13.217042644786998,GHI (W/m^2),Significant impact from GHI (W/m^2). Investigate further.,100.0
17-06-2024,7.17,5.18,1.99,37.66,40.41,42.5,32.18,33.57,0.0,6.32,250.6,0.9616,12,0.048742611,0,0,23.01369863,13.21775637745799,GHI (W/m^2),Significant impact from GHI (W/m^2). Investigate further.,100.0
18-06-2024,7.54,6.21,1.33,37.55,40.27,42.55,32.76,31.86,0.01,7.47,248.4,0.9598,12,0.0,1,0,23.15068493,13.151604118471733,GHI (W/m^2),Significant impact from GHI (W/m^2). Investigate further.,100.0
19-06-2024,7.43,5.56,1.87,36.92,39.71,42.01,31.89,35.23,0.0,6.78,239.7,0.9572,12,0.029941366,0,1,23.28767123,13.214450461558298,GHI (W/m^2),Significant impact from GHI (W/m^2). Investigate further.,100.0
20-06-2024,6.33,3.16,3.17,35.34,38.15,40.04,30.34,41.98,4.48,4.59,208.3,0.9578,12,0.0,1,0,23.42465753,12.892191934449365,GHI (W/m^2),Significant impact from GHI (W/m^2). Investigate further.,100.0
21-06-2024,5.5,1.88,3.62,32.41,33.58,35.09,28.94,55.1,17.19,1.76,139.4,0.9597,12,0.0,1,0,23.56164384,12.2083730061556,GHI (W/m^2),Significant impact from GHI (W/m^2). Investigate further.,100.0
22-06-2024,6.13,2.93,3.2,33.63,36.67,38.77,27.77,49.83,0.37,1.62,133.8,0.9594,12,0.0,1,1,23.69863014,12.75637211039546,GHI (W/m^2),Significant impact from GHI (W/m^2). Investigate further.,100.0
23-06-2024,4.93,1.52,3.41,35.34,38.12,40.39,29.55,42.33,0.41,2.37,144.3,0.9593,12,0.0,1,0,23.83561644,10.287754243403906,GHI (W/m^2),Significant impact from GHI (W/m^2). Investigate further.,97.50818981
24-06-2024,4.32,1.1,3.22,35.83,38.58,40.61,29.89,43.7,2.61,2.12,155.3,0.958,12,0.0,1,0,23.97260274,1.663885205413244,Panel Degradation (%),High panel degradation detected. Consider panel maintenance or replacement.,85.29011926
25-06-2024,4.75,1.27,3.48,36.02,39.5,41.57,29.89,44.5,0.27,2.67,154.1,0.9569,12,0.0,1,0,24.10958904,10.051688586078235,GHI (W/m^2),Significant impact from GHI (W/m^2). Investigate further.,93.61183967
26-06-2024,4.31,1.52,2.79,35.16,37.85,40.42,30.82,49.53,5.42,3.31,137.0,0.9574,12,0.0,1,0,24.24657534,1.405671811439679,Panel Degradation (%),High panel degradation detected. Consider panel maintenance or replacement.,84.78870939
27-06-2024,5.02,1.83,3.19,30.94,31.98,34.55,27.25,69.49,19.94,3.52,147.2,0.96,12,0.0,1,0,24.38356164,11.27887709417555,GHI (W/m^2),Significant impact from GHI (W/m^2). Investigate further.,98.58014291
28-06-2024,5.23,1.7,3.53,29.37,30.36,32.46,26.25,76.22,6.79,2.32,148.0,0.9598,12,0.0,1,0,24.52054795,11.839586913055973,GHI (W/m^2),Significant impact from GHI (W/m^2). Investigate further.,100.0
29-06-2024,4.37,1.28,3.09,31.41,33.0,35.58,27.67,66.88,2.63,3.75,226.5,0.959,12,0.0,1,0,24.65753425,1.879450928420556,GHI (W/m^2),No specific issue detected.,85.51085397
30-06-2024,5.93,2.42,3.51,32.41,34.53,37.61,27.33,64.59,2.24,4.78,237.5,0.9584,12,0.0,1,0,24.79452055,12.89420112026506,GHI (W/m^2),Significant impact from GHI (W/m^2). Investigate further.,100.0
01-07-2024,4.89,0.83,4.06,32.19,33.52,36.6,27.32,65.64,2.86,5.11,234.9,0.9562,12,0.0,1,0,24.93150685,11.122268681993592,GHI (W/m^2),Significant impact from GHI (W/m^2). Investigate further.,100.0
02-07-2024,5.23,1.04,4.19,31.2,32.62,35.53,27.35,63.49,0.41,4.27,238.5,0.9557,12,0.0,1,0,25.06849315,11.966821778339217,GHI (W/m^2),Significant impact from GHI (W/m^2). Investigate further.,100.0
03-07-2024,6.26,3.21,3.05,32.5,33.57,38.02,27.12,63.54,9.15,4.85,223.0,0.9568,12,0.0,1,0,25.20547945,12.803984072384193,GHI (W/m^2),Significant impact from GHI (W/m^2). Investigate further.,100.0
04-07-2024,1.83,0.12,1.71,30.61,31.27,34.3,28.14,69.93,10.19,4.08,236.7,0.9593,12,0.0,1,0,25.34246575,44.85067545549828,Surface Pressure (hPa),Significant impact from Surface Pressure (hPa). Investigate further.,38.19520026
05-07-2024,4.52,1.1,3.42,30.7,31.25,34.75,27.3,73.42,16.8,3.27,233.4,0.957,12,0.0,1,0,25.47945205,6.963365483003436,GHI (W/m^2),No specific issue detected.,94.16161769
06-07-2024,5.36,1.54,3.82,31.38,32.32,35.99,26.83,66.29,0.85,5.84,240.9,0.9559,12,0.0,1,0,25.61643836,12.156762118736514,GHI (W/m^2),Significant impact from GHI (W/m^2). Investigate further.,100.0
07-07-2024,3.73,0.1,3.63,32.2,34.18,38.02,26.71,60.03,0.83,4.25,217.7,0.9579,12,0.0,1,0,25.75342466,9.45977293360571,Panel Degradation (%),High panel degradation detected. Consider panel maintenance or replacement.,77.41132666
08-07-2024,3.96,0.9,3.06,32.15,34.26,37.09,27.84,63.46,3.25,3.0,147.3,0.9606,12,0.0,1,0,25.89041096,4.591061138464138,Panel Degradation (%),High panel degradation detected. Consider panel maintenance or replacement.,82.03010788
09-07-2024,6.54,3.4,3.14,32.47,34.53,38.67,27.42,60.26,1.12,3.83,152.9,0.9616,12,0.0,1,0,26.02739726,12.864915434542928,GHI (W/m^2),Significant impact from GHI (W/m^2). Investigate further.,100.0
10-07-2024,6.05,3.15,2.9,32.82,34.45,37.73,28.34,61.99,0.06,3.4,219.6,0.962,12,0.0,1,0,26.16438356,12.890456998487352,GHI (W/m^2),Significant impact from GHI (W/m^2). Investigate further.,100.0
11-07-2024,6.28,3.57,2.71,31.87,32.34,36.08,27.84,67.32,11.11,5.61,247.0,0.9598,12,0.0,1,0,26.30136986,12.56262169055757,GHI (W/m^2),Significant impact from GHI (W/m^2). Investigate further.,100.0
12-07-2024,6.45,4.05,2.4,32.48,33.64,38.25,26.92,63.07,4.55,4.94,231.1,0.9573,12,0.0,1,0,26.43835616,12.855168456834509,GHI (W/m^2),Significant impact from GHI (W/m^2). Investigate further.,100.0
13-07-2024,5.83,2.92,2.91,32.12,33.95,36.98,27.45,63.56,2.69,3.84,254.6,0.9576,12,0.0,1,0,26.57534247,12.299223929069704,GHI (W/m^2),Significant impact from GHI (W/m^2). Investigate further.,100.0
14-07-2024,5.21,2.16,3.05,33.35,36.03,38.61,27.45,55.7,0.15,2.37,240.0,0.9573,12,0.0,1,0,26.71232877,11.781248696140246,GHI (W/m^2),Significant impact from GHI (W/m^2). Investigate further.,100.0
15-07-2024,6.07,3.21,2.86,33.29,34.99,38.05,28.84,57.34,5.16,3.5,71.8,0.959,12,0.0,1,0,26.84931507,12.84525260652299,GHI (W/m^2),Significant impact from GHI (W/m^2). Investigate further.,100.0
16-07-2024,5.39,2.15,3.24,32.39,34.23,37.51,27.83,64.69,4.28,3.77,105.5,0.9597,12,0.0,1,0,26.98630137,12.108887579644795,GHI (W/m^2),Significant impact from GHI (W/m^2). Investigate further.,100.0
17-07-2024,6.85,4.98,1.87,33.28,35.16,38.75,27.94,61.71,1.18,4.02,113.4,0.9596,12,0.0,1,0,27.12328767,13.13196410354576,GHI (W/m^2),Significant impact from GHI (W/m^2). Investigate further.,100.0
18-07-2024,6.07,3.48,2.59,33.66,36.14,39.2,28.56,60.97,1.26,2.38,165.8,0.9583,12,0.0,1,0,27.26027397,12.74082616394735,GHI (W/m^2),Significant impact from GHI (W/m^2). Investigate further.,100.0
19-07-2024,6.49,3.52,2.97,33.48,35.97,39.06,28.4,59.57,1.6,2.64,155.2,0.9575,12,0.0,1,0,27.39726027,12.756517709254986,GHI (W/m^2),Significant impact from GHI (W/m^2). Investigate further.,100.0
20-07-2024,6.29,3.45,2.84,33.31,35.29,38.24,28.76,59.28,0.9,2.36,147.1,0.9583,12,0.0,1,0,27.53424658,12.74082616394735,GHI (W/m^2),Significant impact from GHI (W/m^2). Investigate further.,100.0
21-07-2024,5.76,2.35,3.41,34.45,36.5,39.87,29.13,56.21,2.85,2.44,137.8,0.9578,12,0.0,1,0,27.67123288,12.398742635849633,GHI (W/m^2),Significant impact from GHI (W/m^2). Investigate further.,100.0
22-07-2024,5.44,2.43,3.01,32.86,34.15,36.85,29.1,68.77,15.87,2.91,206.2,0.9582,12,0.0,1,0,27.80821918,11.783153165705734,GHI (W/m^2),Significant impact from GHI (W/m^2). Investigate further.,100.0
23-07-2024,5.89,2.36,3.53,31.3,31.94,34.71,28.1,74.73,8.4,3.22,249.7,0.958,12,0.0,1,0,27.94520548,12.83395335140056,GHI (W/m^2),Significant impact from GHI (W/m^2). Investigate further.,100.0
24-07-2024,1.75,0.06,1.69,32.09,33.52,37.33,27.42,66.24,2.61,3.74,242.7,0.9553,12,0.0,1,1,28.08219178,45.88501745183079,Surface Pressure (hPa),Significant impact from Surface Pressure (hPa). Investigate further.,35.19167317
25-07-2024,3.2,0.51,2.69,31.63,32.66,36.24,27.12,64.29,2.8,4.48,247.2,0.9547,12,0.0,1,0,28.21917808,20.582808670272936,Temperature (°C),Significant impact from Temperature (°C). Investigate further.,64.23320874
26-07-2024,4.56,0.7,3.86,31.14,32.23,35.55,26.98,67.57,5.98,3.75,245.1,0.9563,12,0.0,1,0,28.35616438,6.654815616958076,GHI (W/m^2),No specific issue detected.,91.36580744
27-07-2024,4.28,0.86,3.42,31.16,32.38,36.06,27.2,70.36,5.14,2.87,235.7,0.9581,12,0.0,1,0,28.49315068,1.6414630879164906,Panel Degradation (%),High panel degradation detected. Consider panel maintenance or replacement.,85.59990349
28-07-2024,5.75,2.86,2.89,31.74,33.1,37.26,26.71,68.88,4.77,3.11,86.4,0.9577,12,0.0,1,0,28.63013699,12.36170299498248,GHI (W/m^2),Significant impact from GHI (W/m^2). Investigate further.,100.0
29-07-2024,6.45,4.46,1.99,32.38,34.12,37.43,27.53,67.34,0.19,4.39,115.9,0.9569,12,0.0,1,0,28.76712329,13.106365007370478,GHI (W/m^2),Significant impact from GHI (W/m^2). Investigate further.,100.0
30-07-2024,6.15,3.88,2.27,32.43,34.06,37.51,27.68,66.8,0.1,4.36,138.2,0.9588,12,0.0,1,0,28.90410959,13.088019164142898,GHI (W/m^2),Significant impact from GHI (W/m^2). Investigate further.,100.0
31-07-2024,5.65,3.88,1.77,30.29,31.52,35.52,26.78,73.56,14.88,4.31,229.5,0.9603,12,0.0,1,0,29.04109589,12.17724268927588,GHI (W/m^2),Significant impact from GHI (W/m^2). Investigate further.,100.0
01-08-2024,2.35,1.7625,0.5875,27.23,27.24,29.0,26.05,87.1,18.78,4.94,240.3,0.9585,12,0.0,1,0,29.17808219,38.652268900492345,Precipitation (mm),High precipitation detected. Check for dirt deposits post-rain.,50.20593834
02-08-2024,2.58,1.935,0.645,28.38,28.48,31.76,26.04,85.67,18.06,4.08,323.0,0.9569,12,0.0,1,0,29.31506849,35.215026722862675,Precipitation (mm),High precipitation detected. Check for dirt deposits post-rain.,55.01299919
03-08-2024,4.51,3.88,0.63,28.6,29.2,32.43,25.45,78.49,17.66,4.25,208.4,0.9585,12,0.0,1,0,29.45205479,7.275785038133035,GHI (W/m^2),No specific issue detected.,95.98031571
04-08-2024,5.62,3.88,1.74,29.31,30.14,33.64,25.17,77.84,11.85,3.77,109.8,0.9598,12,0.0,1,1,29.5890411,12.173295216880506,GHI (W/m^2),Significant impact from GHI (W/m^2). Investigate further.,100.0
05-08-2024,3.07,2.3025,0.7675,28.64,28.71,31.7,26.12,86.17,38.8,3.99,6.9,0.9585,12,0.0,1,1,29.7260274,20.906382567469265,Temperature (°C),Significant impact from Temperature (°C). Investigate further.,65.08320061
06-08-2024,2.47,1.8525,0.6175,28.04,28.35,31.55,25.53,86.0,22.32,6.14,247.5,0.9586,12,0.0,1,0,29.8630137,36.81475627377542,Precipitation (mm),High precipitation detected. Check for dirt deposits post-rain.,52.26276033
07-08-2024,1.88,1.41,0.47,27.22,27.16,30.13,24.95,84.54,5.29,5.47,245.5,0.9606,12,0.0,1,1,30.0,44.18697059514991,Surface Pressure (hPa),Significant impact from Surface Pressure (hPa). Investigate further.,39.70266912
08-08-2024,2.84,2.13,0.71,27.55,27.78,31.13,24.71,80.83,1.34,4.94,234.5,0.9624,12,0.0,1,1,30.1369863,35.09553571650293,Panel Degradation (%),High panel degradation detected. Consider panel maintenance or replacement.,59.86159146
09-08-2024,3.32,2.49,0.83,28.09,28.31,31.93,24.45,81.05,4.44,4.3,240.4,0.9632,12,0.0,1,0,30.2739726,18.722541223840672,Panel Degradation (%),High panel degradation detected. Consider panel maintenance or replacement.,69.84537548
10-08-2024,1.62,1.215,0.405,27.74,28.01,30.88,25.09,83.91,1.53,4.73,239.4,0.9628,12,0.0,1,0,30.4109589,46.620660323910414,Panel Degradation (%),High panel degradation detected. Consider panel maintenance or replacement.,34.01620232
11-08-2024,3.59,2.6925,0.8975,27.63,27.7,30.54,25.2,85.22,7.27,4.57,233.2,0.9608,12,0.0,1,0,30.54794521,11.659377245011274,Panel Degradation (%),High panel degradation detected. Consider panel maintenance or replacement.,75.23814458
12-08-2024,3.92,3.88,0.04,28.3,28.81,32.28,24.95,82.55,14.3,3.42,238.1,0.9622,12,0.0,1,0,30.68493151,5.630188742375467,Panel Degradation (%),High panel degradation detected. Consider panel maintenance or replacement.,81.99815543
13-08-2024,3.9,3.88,0.02,29.0,29.31,33.46,25.12,80.36,5.04,3.94,254.4,0.9631,12,0.0,1,0,30.82191781,5.353840473181335,Panel Degradation (%),High panel degradation detected. Consider panel maintenance or replacement.,81.42515222
14-08-2024,4.74,3.88,0.86,28.18,28.22,31.08,25.68,86.39,11.91,3.42,260.0,0.9637,12,0.0,1,0,30.95890411,9.735264829629742,GHI (W/m^2),No specific issue detected.,98.77563506
15-08-2024,3.48,2.61,0.87,27.56,27.57,29.71,25.94,90.74,23.49,2.9,260.9,0.9625,12,0.0,1,0,31.09589041,15.608629788917606,Panel Degradation (%),High panel degradation detected. Consider panel maintenance or replacement.,72.38187089
16-08-2024,2.92,2.19,0.73,27.87,28.1,30.84,25.38,86.46,12.87,3.0,246.3,0.9614,12,0.0,1,0,31.23287671,29.52047464764328,Precipitation (mm),High precipitation detected. Check for dirt deposits post-rain.,60.61973482
17-08-2024,5.59,3.88,1.71,27.57,27.84,30.49,25.48,84.99,0.26,2.86,211.5,0.9639,12,0.0,1,1,31.36986301,12.176810473347432,GHI (W/m^2),Significant impact from GHI (W/m^2). Investigate further.,100.0
18-08-2024,5.7,3.88,1.82,28.63,29.45,32.97,24.44,77.74,0.26,2.71,222.3,0.9654,12,0.0,1,0,31.50684932,12.210164398765192,GHI (W/m^2),Significant impact from GHI (W/m^2). Investigate further.,100.0
19-08-2024,6.05,3.88,2.17,28.81,29.43,32.89,24.93,74.03,0.08,3.45,240.1,0.9644,12,0.0,1,0,31.64383562,12.740888290075237,GHI (W/m^2),Significant impact from GHI (W/m^2). Investigate further.,100.0
20-08-2024,5.92,3.88,2.04,28.78,29.32,33.1,24.69,71.61,1.07,2.88,218.5,0.9643,12,0.0,1,0,31.78082192,12.65840663334413,GHI (W/m^2),Significant impact from GHI (W/m^2). Investigate further.,100.0
21-08-2024,5.22,3.88,1.34,29.22,29.74,32.7,24.9,74.52,5.33,2.02,216.2,0.965,12,0.0,1,0,31.91780822,11.576302810954513,GHI (W/m^2),Significant impact from GHI (W/m^2). Investigate further.,100.0
22-08-2024,2.86,2.145,0.715,29.18,29.75,33.28,25.48,75.75,2.46,1.97,235.3,0.9645,12,0.0,1,0,32.05479452,34.729704246925536,Panel Degradation (%),High panel degradation detected. Consider panel maintenance or replacement.,58.71014228
23-08-2024,5.35,3.88,1.47,28.55,28.95,32.07,25.29,77.24,5.56,1.61,213.4,0.9646,12,0.0,1,0,32.19178082,11.77923628044373,GHI (W/m^2),Significant impact from GHI (W/m^2). Investigate further.,100.0
24-08-2024,4.98,3.88,1.1,28.51,28.63,31.53,25.31,78.83,16.48,1.55,70.2,0.9638,12,0.0,1,0,32.32876712,10.694571299348608,GHI (W/m^2),Significant impact from GHI (W/m^2). Investigate further.,100.0
25-08-2024,5.3,3.88,1.42,27.72,27.62,30.89,25.37,85.57,32.95,3.74,58.4,0.9609,12,0.0,1,1,32.46575342,11.267450829787997,GHI (W/m^2),Significant impact from GHI (W/m^2). Investigate further.,100.0
26-08-2024,3.44,2.58,0.86,26.9,26.94,29.79,24.83,87.96,10.45,6.65,78.9,0.9589,12,0.0,1,0,32.60273973,18.398524734631064,Panel Degradation (%),High panel degradation detected. Consider panel maintenance or replacement.,70.09382165
27-08-2024,4.71,3.88,0.83,26.69,26.77,30.57,24.49,85.32,6.64,6.7,114.2,0.9608,12,0.0,1,0,32.73972603,9.128418132755906,GHI (W/m^2),No specific issue detected.,95.79425925
28-08-2024,5.72,3.88,1.84,27.64,28.32,32.25,23.68,81.92,0.21,4.69,139.4,0.9617,12,0.0,1,0,32.87671233,12.323510212863912,GHI (W/m^2),Significant impact from GHI (W/m^2). Investigate further.,100.0
29-08-2024,4.83,3.88,0.95,27.0,27.56,30.57,24.2,82.78,2.95,4.91,150.1,0.9621,12,0.0,1,0,33.01369863,10.134730560942552,GHI (W/m^2),Significant impact from GHI (W/m^2). Investigate further.,97.87340642
30-08-2024,5.13,3.88,1.25,27.79,28.42,32.35,23.65,78.75,1.42,3.26,152.9,0.9652,12,0.0,1,0,33.15068493,11.576550702563836,GHI (W/m^2),Significant impact from GHI (W/m^2). Investigate further.,100.0
31-08-2024,5.73,3.88,1.85,28.52,29.36,32.73,24.04,77.36,3.5,1.83,241.6,0.9659,12,0.0,1,0,33.28767123,12.202601159529294,GHI (W/m^2),Significant impact from GHI (W/m^2). Investigate further.,100.0
01-09-2024,5.9,3.88,2.02,29.19,29.47,32.77,24.83,75.79,15.84,1.51,288.3,0.9652,12,0.0,1,0,33.42465753,12.028089535039037,GHI (W/m^2),Significant impact from GHI (W/m^2). Investigate further.,100.0
02-09-2024,4.15,3.88,0.27,28.78,28.7,32.2,25.96,81.62,11.51,2.44,98.5,0.9645,12,0.0,1,0,33.56164384,3.404104299021419,Panel Degradation (%),High panel degradation detected. Consider panel maintenance or replacement.,90.08847953
03-09-2024,3.96,3.88,0.08,27.68,27.76,30.98,24.92,86.29,10.8,2.23,105.6,0.9649,12,0.0,1,0,33.69863014,3.749125770137762,Panel Degradation (%),High panel degradation detected. Consider panel maintenance or replacement.,85.79484719
04-09-2024,3.27,2.4525,0.8175,26.66,26.66,28.9,25.02,92.13,17.2,2.02,108.3,0.9629,12,0.0,1,0,33.83561644,18.542499282436328,Panel Degradation (%),High panel degradation detected. Consider panel maintenance or replacement.,70.70665808
05-09-2024,4.43,3.88,0.55,27.34,27.51,30.33,24.65,87.26,7.75,2.36,81.5,0.9608,12,0.0,1,0,33.97260274,6.285653088908876,GHI (W/m^2),No specific issue detected.,95.60145352
06-09-2024,3.7,2.775,0.925,27.45,27.26,30.04,25.13,84.73,10.08,2.02,22.6,0.963,12,0.0,1,0,34.10958904,9.57224233102519,Panel Degradation (%),High panel degradation detected. Consider panel maintenance or replacement.,79.69156829
07-09-2024,5.23,3.88,1.35,27.98,27.98,31.24,24.36,80.56,7.75,1.56,1.3,0.9639,12,0.0,1,0,34.24657534,11.45969101501163,GHI (W/m^2),Significant impact from GHI (W/m^2). Investigate further.,100.0
08-09-2024,4.84,3.88,0.96,28.27,28.5,32.29,24.3,78.73,2.12,1.84,356.6,0.964,12,0.0,1,0,34.38356164,10.220802334974287,GHI (W/m^2),Significant impact from GHI (W/m^2). Investigate further.,100.0
09-09-2024,5.36,3.88,1.48,28.49,28.91,33.22,24.23,79.22,7.61,1.82,104.3,0.962,12,0.0,1,1,34.52054795,11.8514434700727,GHI (W/m^2),Significant impact from GHI (W/m^2). Investigate further.,100.0
10-09-2024,4.7,3.88,0.82,28.91,28.99,32.91,24.96,78.74,19.67,1.45,145.9,0.9613,12,0.0,1,0,34.65753425,9.339783025236102,GHI (W/m^2),No specific issue detected.,100.0
11-09-2024,3.71,2.7825,0.9275,29.0,29.07,32.72,25.17,78.15,4.44,1.78,350.9,0.961,12,0.0,1,0,34.79452055,9.72247962843394,Panel Degradation (%),High panel degradation detected. Consider panel maintenance or replacement.,79.13320264
12-09-2024,5.48,3.88,1.6,29.17,29.09,33.47,25.51,77.31,2.08,3.3,285.6,0.9606,12,0.0,1,1,34.93150685,12.1884047896805,GHI (W/m^2),Significant impact from GHI (W/m^2). Investigate further.,100.0
13-09-2024,5.69,3.88,1.81,27.13,27.29,31.48,23.75,81.96,0.15,6.62,237.6,0.9624,12,0.0,1,0,35.06849315,12.324883326229756,GHI (W/m^2),Significant impact from GHI (W/m^2). Investigate further.,100.0
14-09-2024,5.56,3.88,1.68,26.1,26.57,30.62,22.84,81.2,0.0,4.29,227.3,0.9637,12,0.024998967,0,0,35.20547945,12.322567400764092,GHI (W/m^2),Significant impact from GHI (W/m^2). Investigate further.,100.0
15-09-2024,5.59,3.88,1.71,26.3,26.83,31.46,22.04,78.74,0.0,3.49,241.4,0.9647,12,0.041913879,0,0,35.34246575,12.339515394099871,GHI (W/m^2),Significant impact from GHI (W/m^2). Investigate further.,100.0
16-09-2024,5.96,3.88,2.08,26.21,26.68,31.97,21.26,76.88,0.0,3.41,237.0,0.9662,12,0.055579583,0,0,35.47945205,12.83278467382246,GHI (W/m^2),Significant impact from GHI (W/m^2). Investigate further.,100.0
17-09-2024,5.82,3.88,1.94,27.31,27.43,33.42,21.0,71.88,0.0,2.47,259.3,0.9664,12,0.070032889,0,0,35.61643836,12.201665524902635,GHI (W/m^2),Significant impact from GHI (W/m^2). Investigate further.,100.0
18-09-2024,5.35,3.88,1.47,27.46,27.49,33.45,23.02,72.68,0.24,2.81,22.8,0.9646,12,0.0,1,0,35.75342466,11.83588860273303,GHI (W/m^2),Significant impact from GHI (W/m^2). Investigate further.,100.0
19-09-2024,2.84,2.13,0.71,26.29,27.0,30.39,22.54,82.37,0.6,1.97,345.8,0.9644,12,0.0,1,0,35.89041096,33.84046077185543,Panel Degradation (%),High panel degradation detected. Consider panel maintenance or replacement.,59.65216966
20-09-2024,3.34,2.505,0.835,28.01,28.65,32.91,23.91,81.45,0.01,2.46,28.1,0.9644,12,0.0,1,1,36.02739726,18.597032406861544,Panel Degradation (%),High panel degradation detected. Consider panel maintenance or replacement.,70.02077727
21-09-2024,4.62,3.88,0.74,28.61,29.35,33.2,24.55,79.39,0.0,2.02,179.7,0.9658,12,0.029940761,0,0,36.16438356,8.143192685849499,GHI (W/m^2),No specific issue detected.,96.67107896
22-09-2024,5.49,3.88,1.61,29.32,29.77,34.19,25.0,74.97,0.0,2.44,217.0,0.9656,12,0.04623234,0,0,36.30136986,12.263237937158555,GHI (W/m^2),Significant impact from GHI (W/m^2). Investigate further.,100.0
23-09-2024,5.57,3.88,1.69,29.59,30.12,34.81,24.93,74.78,0.0,2.04,181.8,0.9653,12,0.074513738,0,0,36.43835616,12.3060384724295,GHI (W/m^2),Significant impact from GHI (W/m^2). Investigate further.,100.0
24-09-2024,5.55,3.88,1.67,30.34,30.67,35.89,25.15,69.94,0.02,1.86,153.8,0.9641,12,0.0,1,0,36.57534247,12.24113748022646,GHI (W/m^2),Significant impact from GHI (W/m^2). Investigate further.,100.0
25-09-2024,5.44,3.88,1.56,30.26,30.69,35.75,25.31,70.71,0.01,2.19,146.9,0.9633,12,0.0,1,0,36.71232877,11.84102060768113,GHI (W/m^2),Significant impact from GHI (W/m^2). Investigate further.,100.0
26-09-2024,5.07,3.88,1.19,29.17,29.63,33.74,25.22,76.03,0.0,3.55,130.5,0.9631,12,0.029609156,0,0,36.84931507,11.505403912012117,GHI (W/m^2),Significant impact from GHI (W/m^2). Investigate further.,100.0
27-09-2024,5.15,3.88,1.27,28.7,29.33,32.93,25.18,76.73,0.0,3.14,131.1,0.9632,12,0.04906487,0,1,36.98630137,11.585711850477963,GHI (W/m^2),Significant impact from GHI (W/m^2). Investigate further.,100.0
28-09-2024,5.2,3.88,1.32,29.07,29.58,33.4,24.73,72.82,0.0,1.92,143.9,0.9652,12,0.069831212,0,0,37.12328767,11.672357801413746,GHI (W/m^2),Significant impact from GHI (W/m^2). Investigate further.,100.0
29-09-2024,5.37,3.88,1.49,28.97,29.73,33.54,24.7,72.51,0.0,1.68,160.5,0.9682,12,0.08932249,0,0,37.26027397,11.880463663861738,GHI (W/m^2),Significant impact from GHI (W/m^2). Investigate further.,100.0
30-09-2024,4.93,3.88,1.05,29.36,29.51,34.69,24.65,68.61,0.25,2.12,229.6,0.9681,12,0.0,1,0,37.39726027,10.581046608511242,GHI (W/m^2),Significant impact from GHI (W/m^2). Investigate further.,100.0
01-10-2024,5.44,3.88,1.56,29.35,29.36,35.89,24.43,64.41,0.01,3.45,268.4,0.966,12,0.0,1,0,37.53424658,11.892554622832684,GHI (W/m^2),Significant impact from GHI (W/m^2). Investigate further.,100.0
02-10-2024,5.48,3.88,1.6,28.68,28.71,36.01,23.42,64.19,0.0,5.11,247.4,0.9661,12,0.012264065,0,0,37.67123288,12.327966279422398,GHI (W/m^2),Significant impact from GHI (W/m^2). Investigate further.,100.0
03-10-2024,5.44,3.88,1.56,28.34,28.51,35.33,23.44,69.11,0.0,5.95,238.9,0.9654,12,0.033163947,0,0,37.80821918,11.97809569384437,GHI (W/m^2),Significant impact from GHI (W/m^2). Investigate further.,100.0
04-10-2024,5.39,3.88,1.51,27.6,27.95,35.22,22.42,71.71,0.0,4.76,229.2,0.9658,12,0.050534535,0,0,37.94520548,11.962261222707458,GHI (W/m^2),Significant impact from GHI (W/m^2). Investigate further.,100.0
05-10-2024,5.36,3.88,1.48,26.86,27.35,33.21,21.56,72.44,0.0,3.54,224.0,0.9681,12,0.078291387,0,0,38.08219178,12.029940240275463,GHI (W/m^2),Significant impact from GHI (W/m^2). Investigate further.,100.0
06-10-2024,5.27,3.88,1.39,27.59,27.95,33.94,21.38,64.72,0.0,2.02,213.2,0.9707,12,0.094958791,0,0,38.21917808,11.920569473548676,GHI (W/m^2),Significant impact from GHI (W/m^2). Investigate further.,100.0
07-10-2024,5.24,3.88,1.36,27.99,28.4,34.66,22.29,60.32,0.7,1.93,193.0,0.9722,12,0.0,1,0,38.35616438,11.897955113311182,GHI (W/m^2),Significant impact from GHI (W/m^2). Investigate further.,100.0
08-10-2024,5.2,3.88,1.32,27.87,28.09,34.15,22.07,63.5,1.42,2.06,182.8,0.9718,12,0.0,1,0,38.49315068,11.654437655166255,GHI (W/m^2),Significant impact from GHI (W/m^2). Investigate further.,100.0
09-10-2024,5.01,3.88,1.13,27.41,27.96,33.38,23.01,65.68,1.28,2.08,158.4,0.97,12,0.0,1,0,38.63013699,11.340969621117113,GHI (W/m^2),Significant impact from GHI (W/m^2). Investigate further.,100.0
10-10-2024,5.11,3.88,1.23,27.22,27.85,33.31,22.67,64.85,0.35,1.65,139.0,0.9694,12,0.0,1,0,38.76712329,11.49395222408988,GHI (W/m^2),Significant impact from GHI (W/m^2). Investigate further.,100.0
11-10-2024,5.21,3.88,1.33,26.86,27.0,34.18,21.84,61.63,0.0,1.83,125.5,0.9695,12,0.01899443,0,0,38.90410959,11.682180727610248,GHI (W/m^2),Significant impact from GHI (W/m^2). Investigate further.,100.0
12-10-2024,5.1,3.88,1.22,26.37,26.96,33.52,20.36,69.19,0.15,2.61,172.1,0.9701,12,0.0,1,0,39.04109589,11.493570028689572,GHI (W/m^2),Significant impact from GHI (W/m^2). Investigate further.,100.0
13-10-2024,3.66,2.745,0.915,26.16,26.93,32.77,20.99,72.13,0.28,2.8,165.0,0.9707,12,0.0,1,0,39.17808219,9.983217239319346,Panel Degradation (%),High panel degradation detected. Consider panel maintenance or replacement.,79.32106885
14-10-2024,5.0,3.88,1.12,25.94,26.47,32.38,20.96,69.8,0.01,2.43,115.0,0.9713,12,0.0,1,0,39.31506849,11.312945625022405,GHI (W/m^2),Significant impact from GHI (W/m^2). Investigate further.,100.0
15-10-2024,5.05,3.88,1.17,27.07,26.73,34.42,21.49,57.7,0.0,1.77,117.5,0.9708,12,0.01974551,0,0,39.45205479,11.352335628021391,GHI (W/m^2),Significant impact from GHI (W/m^2). Investigate further.,100.0
16-10-2024,4.08,3.88,0.2,26.4,26.44,34.31,18.6,57.55,0.0,2.72,204.8,0.9696,12,0.030671192,0,0,39.5890411,3.105863777336199,Panel Degradation (%),High panel degradation detected. Consider panel maintenance or replacement.,87.90456635
17-10-2024,3.5,2.625,0.875,27.92,27.9,34.71,22.29,54.51,0.0,2.55,201.8,0.9695,12,0.052475354,0,0,39.7260274,12.82345749001368,Panel Degradation (%),High panel degradation detected. Consider panel maintenance or replacement.,75.26110385
18-10-2024,4.83,3.88,0.95,27.3,27.68,35.18,21.08,52.99,0.0,2.78,180.3,0.9696,12,0.070472603,0,0,39.8630137,10.463688305550022,GHI (W/m^2),Significant impact from GHI (W/m^2). Investigate further.,100.0
19-10-2024,4.85,3.88,0.97,27.88,28.3,35.02,21.82,56.54,0.0,2.83,213.2,0.9703,12,0.088213379,0,0,40.0,10.395809369629132,GHI (W/m^2),Significant impact from GHI (W/m^2). Investigate further.,100.0
20-10-2024,4.67,3.88,0.79,27.87,28.62,34.94,22.25,58.46,0.0,2.51,200.5,0.9708,12,0.104387111,0,0,40.1369863,10.09131457712676,GHI (W/m^2),Significant impact from GHI (W/m^2). Investigate further.,99.83507009
21-10-2024,4.33,3.88,0.45,27.31,27.34,33.53,23.19,57.1,0.02,1.52,218.9,0.9717,12,0.0,1,0,40.2739726,3.6141430091077926,Panel Degradation (%),High panel degradation detected. Consider panel maintenance or replacement.,92.38723948
22-10-2024,4.43,3.88,0.55,26.53,27.15,33.57,20.67,62.15,0.1,1.97,151.9,0.9721,12,0.0,1,0,40.4109589,6.104340757941827,GHI (W/m^2),No specific issue detected.,94.33813806
23-10-2024,4.53,3.88,0.65,26.45,26.66,33.51,21.87,56.62,0.0,2.18,353.3,0.9723,12,0.021302544,0,0,40.54794521,7.712803623300861,GHI (W/m^2),No specific issue detected.,96.28150707
24-10-2024,4.69,3.88,0.81,25.93,24.94,34.11,19.99,42.9,0.0,2.49,15.7,0.9716,12,0.039826711,0,0,40.68493151,10.054922483396949,GHI (W/m^2),Significant impact from GHI (W/m^2). Investigate further.,99.49018559
25-10-2024,4.67,3.88,0.79,28.14,26.02,35.28,22.47,39.76,0.0,1.24,346.3,0.9707,12,0.050089352,0,0,40.82191781,9.917532453059104,GHI (W/m^2),No specific issue detected.,98.87548082
26-10-2024,4.62,3.88,0.74,28.45,26.32,35.81,23.75,39.02,0.0,1.52,357.9,0.9703,12,0.067895376,0,0,40.95890411,8.085364103661268,GHI (W/m^2),No specific issue detected.,97.62917966
27-10-2024,4.55,3.88,0.67,27.77,26.8,36.43,20.36,44.79,0.0,2.13,206.1,0.9685,12,0.088437629,0,0,41.09589041,7.784095155028626,GHI (W/m^2),No specific issue detected.,95.96582401
28-10-2024,4.5,3.88,0.62,27.11,26.97,36.58,19.86,50.71,0.0,2.65,192.1,0.9669,12,0.103941631,0,0,41.23287671,6.946636926006176,GHI (W/m^2),No specific issue detected.,94.72984832
29-10-2024,4.48,3.88,0.6,26.48,26.52,35.9,18.96,55.53,0.0,3.2,227.2,0.968,12,0.131513927,0,0,41.36986301,6.729079664865276,GHI (W/m^2),No specific issue detected.,94.12891589
30-10-2024,4.44,3.88,0.56,26.44,26.36,35.66,19.72,50.15,0.0,3.81,248.2,0.9696,12,0.0,1,0,41.50684932,5.57718377177429,GHI (W/m^2),No specific issue detected.,93.11085312
31-10-2024,4.37,3.88,0.49,25.91,25.7,34.84,18.79,48.06,0.0,2.95,275.0,0.9715,12,0.027475386,0,0,41.64383562,6.030934990691603,GHI (W/m^2),No specific issue detected.,99.02768571
01-11-2024,4.41,3.88,0.53,26.72,25.57,34.71,21.43,43.29,0.0,2.17,272.0,0.972,12,0.050850088,0,0,41.78082192,7.340775453173555,GHI (W/m^2),No specific issue detected.,99.72892752
02-11-2024,4.41,3.88,0.53,26.54,25.48,34.51,19.48,43.78,0.0,1.49,228.4,0.9724,12,0.078641877,0,0,41.91780822,7.427638775217347,GHI (W/m^2),No specific issue detected.,99.52457831
03-11-2024,4.39,3.88,0.51,26.01,25.38,34.53,18.26,45.8,0.0,1.91,250.1,0.973,12,0.092586992,0,0,42.05479452,6.04715194220189,GHI (W/m^2),No specific issue detected.,98.87062916
04-11-2024,4.35,3.88,0.47,25.99,25.17,34.28,18.76,44.39,0.0,1.79,254.5,0.9718,12,0.109014853,0,0,42.19178082,5.470860785705153,GHI (W/m^2),No specific issue detected.,97.76983201
05-11-2024,4.26,3.88,0.38,25.32,25.23,34.07,17.86,50.84,0.0,2.07,133.8,0.9733,12,0.13542608,0,0,42.32876712,5.233808816117235,Panel Degradation (%),High panel degradation detected. Consider panel maintenance or replacement.,95.55201647
06-11-2024,4.25,3.88,0.37,25.67,25.63,34.69,17.99,54.81,0.0,2.29,128.9,0.9737,12,0.0,1,0,42.46575342,5.037212483381154,Panel Degradation (%),High panel degradation detected. Consider panel maintenance or replacement.,95.13397299
07-11-2024,4.26,3.88,0.38,26.29,25.37,34.39,18.83,48.21,0.0,2.0,9.2,0.973,12,0.026489406,0,0,42.60273973,5.031658089417033,Panel Degradation (%),High panel degradation detected. Consider panel maintenance or replacement.,95.16440658
08-11-2024,4.24,3.88,0.36,27.11,25.35,35.0,21.26,39.68,0.0,1.6,309.3,0.9725,12,0.053913406,0,0,42.73972603,4.769539074797649,Panel Degradation (%),High panel degradation detected. Consider panel maintenance or replacement.,94.52590161
09-11-2024,4.19,3.88,0.31,26.23,25.09,34.49,20.18,41.02,0.0,2.12,314.7,0.9726,12,0.065332211,0,1,42.87671233,4.539398367751855,Panel Degradation (%),High panel degradation detected. Consider panel maintenance or replacement.,93.2225115
10-11-2024,4.1,3.88,0.22,25.67,24.42,33.57,20.99,40.69,0.0,2.17,341.4,0.9732,12,0.082430825,0,0,43.01369863,3.965501072641928,Panel Degradation (%),High panel degradation detected. Consider panel maintenance or replacement.,91.03621895
11-11-2024,4.12,3.88,0.24,25.36,24.0,32.97,20.64,39.62,0.0,1.82,298.5,0.973,12,0.104002525,0,0,43.15068493,3.994070626187604,Panel Degradation (%),High panel degradation detected. Consider panel maintenance or replacement.,91.29624488
12-11-2024,4.06,3.88,0.18,25.1,23.66,32.84,20.2,36.26,0.0,1.34,359.2,0.9728,12,0.132465379,0,0,43.28767123,3.752041755518876,Panel Degradation (%),High panel degradation detected. Consider panel maintenance or replacement.,89.78604348
13-11-2024,4.06,3.88,0.18,23.1,22.9,31.76,15.96,43.12,0.0,1.92,104.8,0.9719,12,0.0,1,0,43.42465753,3.748322230533231,Panel Degradation (%),High panel degradation detected. Consider panel maintenance or replacement.,89.60612254
14-11-2024,3.94,3.88,0.06,22.69,22.9,31.47,15.34,52.75,0.0,2.22,146.5,0.973,12,0.021667401,0,0,43.56164384,3.8078427373059096,Panel Degradation (%),High panel degradation detected. Consider panel maintenance or replacement.,86.78376147
15-11-2024,3.84,2.88,0.96,22.88,22.75,30.96,16.55,50.69,0.0,2.19,267.3,0.9731,12,0.03571272,0,0,43.69863014,7.2715195067838065,Panel Degradation (%),High panel degradation detected. Consider panel maintenance or replacement.,84.41231407
16-11-2024,3.89,3.88,0.01,23.75,23.01,31.18,18.4,44.53,0.0,1.8,322.0,0.9719,12,0.052550016,0,0,43.83561644,3.750508444388979,Panel Degradation (%),High panel degradation detected. Consider panel maintenance or replacement.,85.34110206
17-11-2024,3.65,2.7375,0.9125,21.34,21.33,29.26,15.62,44.23,0.0,2.9,353.7,0.9731,12,0.069261482,0,0,43.97260274,9.525928516837302,Panel Degradation (%),High panel degradation detected. Consider panel maintenance or replacement.,79.91665485
18-11-2024,3.93,3.88,0.05,19.39,19.47,27.78,13.07,47.51,0.0,2.56,48.9,0.9747,12,0.089988558,0,0,44.10958904,3.507225952776498,Panel Degradation (%),High panel degradation detected. Consider panel maintenance or replacement.,85.87652922
19-11-2024,3.93,3.88,0.05,19.39,19.16,28.05,13.03,43.05,0.0,2.26,71.8,0.9754,12,0.116001042,0,0,44.24657534,3.4854710523504764,Panel Degradation (%),High panel degradation detected. Consider panel maintenance or replacement.,85.70648743
20-11-2024,3.82,2.865,0.955,19.47,18.57,27.65,13.7,39.89,0.0,1.98,60.1,0.9746,12,0.126409171,0,0,44.38356164,6.915566609671805,Panel Degradation (%),High panel degradation detected. Consider panel maintenance or replacement.,83.142949
21-11-2024,3.88,3.88,0.0,19.64,18.38,27.86,13.53,39.26,0.0,1.98,71.5,0.974,12,0.143310382,0,0,44.52054795,3.8072597666282673,Panel Degradation (%),High panel degradation detected. Consider panel maintenance or replacement.,84.28230387
22-11-2024,3.82,2.865,0.955,19.56,18.9,28.6,12.06,40.08,0.0,2.02,153.4,0.9735,12,0.0,1,0,44.65753425,7.064202305016806,Panel Degradation (%),High panel degradation detected. Consider panel maintenance or replacement.,82.81563466
23-11-2024,3.76,2.82,0.94,19.3,19.02,28.97,11.84,44.69,0.0,2.94,185.9,0.9738,12,0.027300247,0,0,44.79452055,8.56460575997131,Panel Degradation (%),High panel degradation detected. Consider panel maintenance or replacement.,81.35472848
24-11-2024,3.74,2.805,0.935,20.78,19.67,29.03,12.98,40.96,0.0,1.93,197.2,0.9744,12,0.048792903,0,0,44.93150685,8.603540601397398,Panel Degradation (%),High panel degradation detected. Consider panel maintenance or replacement.,80.76332991
25-11-2024,3.7,2.775,0.925,20.31,19.17,28.11,15.03,39.73,0.0,2.09,320.7,0.9745,12,0.07472948,0,0,45.06849315,9.416551181813702,Panel Degradation (%),High panel degradation detected. Consider panel maintenance or replacement.,79.74320154
26-11-2024,3.66,2.745,0.915,20.74,19.59,29.01,14.36,40.81,0.0,2.15,35.0,0.9742,12,0.092021625,0,0,45.20547945,9.619908578540198,Panel Degradation (%),High panel degradation detected. Consider panel maintenance or replacement.,78.72705779
27-11-2024,3.67,2.7525,0.9175,20.2,19.81,29.13,13.77,42.66,0.0,2.86,275.2,0.9733,12,0.113833002,0,0,45.34246575,9.75470508268103,Panel Degradation (%),High panel degradation detected. Consider panel maintenance or replacement.,78.78828484
28-11-2024,3.65,2.7375,0.9125,18.89,19.14,28.18,11.68,50.81,0.0,2.9,106.2,0.9746,12,0.142746869,0,0,45.47945205,9.514814200082329,Panel Degradation (%),High panel degradation detected. Consider panel maintenance or replacement.,78.20648109
29-11-2024,3.66,2.745,0.915,18.34,18.43,27.25,11.66,48.53,0.0,2.84,125.8,0.9754,12,0.0,1,0,45.61643836,9.268197473254986,Panel Degradation (%),High panel degradation detected. Consider panel maintenance or replacement.,78.26848155
30-11-2024,3.61,2.7075,0.9025,18.67,17.74,27.01,13.49,43.51,0.0,2.4,54.9,0.9741,12,0.027478462,0,0,45.75342466,8.393264750831294,Panel Degradation (%),High panel degradation detected. Consider panel maintenance or replacement.,83.55302582
01-12-2024,3.73,2.7975,0.9325,18.98,18.71,27.25,12.56,45.88,0.0,2.57,63.9,0.9723,10,0.042654547,0,0,45.89041096,10.555568469276189,Panel Degradation (%),High panel degradation detected. Consider panel maintenance or replacement.,71.79114567
02-12-2024,3.73,2.7975,0.9325,19.43,19.46,28.35,12.61,50.41,0.0,2.67,106.6,0.9722,10,0.070026649,0,0,46.02739726,10.557728663303424,Panel Degradation (%),High panel degradation detected. Consider panel maintenance or replacement.,71.64091256
03-12-2024,3.73,2.7975,0.9325,19.86,19.5,28.09,12.98,48.76,0.0,2.19,128.2,0.9742,10,0.080073628,0,0,46.16438356,10.350812872832176,Panel Degradation (%),High panel degradation detected. Consider panel maintenance or replacement.,71.49130732
04-12-2024,3.765,2.82375,0.94125,19.52,19.12,27.71,13.5,45.83,0.0,2.34,1.7,0.9747,10,0.093163668,0,0,46.30136986,9.825822294827084,Panel Degradation (%),High panel degradation detected. Consider panel maintenance or replacement.,72.01175761
05-12-2024,3.8,2.85,0.95,18.9,18.04,26.29,13.87,43.08,0.0,1.96,331.1,0.9739,10,0.112801786,0,0,46.43835616,9.348627370859033,Panel Degradation (%),High panel degradation detected. Consider panel maintenance or replacement.,72.53004327
06-12-2024,3.75,2.8125,0.9375,18.74,17.58,26.38,13.74,39.1,0.0,1.99,325.8,0.9725,10,0.126697214,0,0,46.57534247,10.32936303375347,Panel Degradation (%),High panel degradation detected. Consider panel maintenance or replacement.,71.42716209
07-12-2024,3.79,2.8425,0.9475,17.79,16.54,26.26,10.04,39.4,0.0,2.28,176.9,0.9707,10,0.0,1,0,46.71232877,10.68142701982637,Panel Degradation (%),High panel degradation detected. Consider panel maintenance or replacement.,72.03955031
08-12-2024,3.85,2.8875,0.9625,15.78,14.8,26.15,8.41,29.07,0.0,4.58,238.0,0.9703,10,0.017227222,0,0,46.84931507,9.798917205109028,Panel Degradation (%),High panel degradation detected. Consider panel maintenance or replacement.,73.02877796
09-12-2024,3.75,2.8125,0.9375,13.03,13.07,22.45,6.6,42.3,0.0,3.64,345.2,0.9744,10,0.042229881,0,0,46.98630137,10.921254946478292,Panel Degradation (%),High panel degradation detected. Consider panel maintenance or replacement.,70.98522239
10-12-2024,3.78,2.835,0.945,13.35,13.01,22.26,6.98,39.36,0.0,2.73,61.1,0.9762,10,0.058071854,0,0,47.12328767,10.574149203285344,Panel Degradation (%),High panel degradation detected. Consider panel maintenance or replacement.,71.40583505
11-12-2024,3.82,2.865,0.955,13.94,13.39,23.31,6.57,32.84,0.0,2.39,109.3,0.9754,10,0.075605717,0,0,47.26027397,9.027146996241646,Panel Degradation (%),High panel degradation detected. Consider panel maintenance or replacement.,72.0132358
12-12-2024,3.81,2.8575,0.9525,13.63,13.53,23.14,7.16,38.2,0.0,2.67,61.8,0.9749,10,0.10018474,0,0,47.39726027,10.852886030689117,Panel Degradation (%),High panel degradation detected. Consider panel maintenance or replacement.,71.67749734
13-12-2024,3.81,2.8575,0.9525,13.18,12.9,22.76,6.36,31.14,0.0,3.64,19.1,0.9774,10,0.111413239,0,0,47.53424658,10.050402622663531,Panel Degradation (%),High panel degradation detected. Consider panel maintenance or replacement.,71.53087751
14-12-2024,3.78,2.835,0.945,13.88,13.22,25.08,6.56,26.33,0.0,2.42,23.9,0.9771,10,0.140531514,0,0,47.67123288,10.183132701297872,Panel Degradation (%),High panel degradation detected. Consider panel maintenance or replacement.,70.82277081
15-12-2024,3.83,2.8725,0.9575,14.47,13.57,25.26,6.95,28.35,0.0,2.73,106.8,0.9772,10,0.0,1,0,47.80821918,9.071605087070491,Panel Degradation (%),High panel degradation detected. Consider panel maintenance or replacement.,71.61339029
16-12-2024,3.77,2.8275,0.9425,14.66,14.54,26.13,6.41,40.55,0.0,3.38,141.8,0.975,10,0.024746316,0,0,47.94520548,10.683308725790702,Panel Degradation (%),High panel degradation detected. Consider panel maintenance or replacement.,70.34819475
17-12-2024,3.72,2.79,0.93,14.77,14.56,26.0,7.38,38.54,0.0,3.43,181.5,0.9736,10,0.043822888,0,0,48.08219178,11.347635243776022,Panel Degradation (%),High panel degradation detected. Consider panel maintenance or replacement.,69.27435502
18-12-2024,3.73,2.7975,0.9325,14.69,14.25,24.66,7.69,39.82,0.0,2.37,87.1,0.9734,10,0.065365954,0,0,48.21917808,11.654349860142684,Panel Degradation (%),High panel degradation detected. Consider panel maintenance or replacement.,69.31992989
19-12-2024,3.62,2.715,0.905,15.36,15.01,25.48,7.83,49.65,0.0,2.94,121.0,0.9721,10,0.085676055,0,0,48.35616438,13.421261885322163,Panel Degradation (%),High panel degradation detected. Consider panel maintenance or replacement.,67.13969531
20-12-2024,3.55,2.6625,0.8875,14.18,14.5,23.16,7.84,64.83,0.0,2.81,79.2,0.9729,10,0.106464426,0,0,48.49315068,14.28490469299606,Panel Degradation (%),High panel degradation detected. Consider panel maintenance or replacement.,65.70863298
21-12-2024,3.64,2.73,0.91,15.17,15.02,24.43,8.11,52.17,0.0,2.59,100.7,0.9736,10,0.132920198,0,0,48.63013699,13.24003319891868,Panel Degradation (%),High panel degradation detected. Consider panel maintenance or replacement.,67.23888683
22-12-2024,3.6,2.7,0.9,16.65,16.63,25.52,9.66,51.2,0.07,4.51,144.9,0.9722,10,0.0,1,0,48.76712329,14.20169900696026,Panel Degradation (%),High panel degradation detected. Consider panel maintenance or replacement.,66.36642798
23-12-2024,2.62,1.965,0.655,17.29,17.51,24.82,12.61,57.02,0.21,3.32,174.2,0.9716,10,0.0,1,0,48.90410959,33.724060480616174,Panel Degradation (%),High panel degradation detected. Consider panel maintenance or replacement.,48.20319193
24-12-2024,3.29,2.4675,0.8225,14.58,15.12,21.61,9.16,69.34,0.01,3.22,20.9,0.9743,10,0.0,1,0,49.04109589,20.46586259212112,Panel Degradation (%),High panel degradation detected. Consider panel maintenance or replacement.,60.40887009
25-12-2024,3.48,2.61,0.87,14.81,15.28,22.76,9.11,63.92,0.0,3.42,42.1,0.9768,10,0.010058988,0,1,49.17808219,16.750511312915478,Panel Degradation (%),High panel degradation detected. Consider panel maintenance or replacement.,63.76995388
26-12-2024,2.99,2.2425,0.7475,16.28,16.64,24.19,9.1,66.06,1.14,3.54,106.3,0.9777,10,0.0,1,1,49.31506849,31.94123794850893,Panel Degradation (%),High panel degradation detected. Consider panel maintenance or replacement.,54.68167699
27-12-2024,1.13,0.8475,0.2825,15.21,15.14,17.68,12.08,88.29,10.24,3.55,31.6,0.9765,10,0.0,1,0,49.45205479,55.64275804875244,Earth Skin Temperature (°C),Significant impact from Earth Skin Temperature (°C). Investigate further.,20.62455479
28-12-2024,3.64,2.73,0.91,13.36,13.69,20.19,8.8,73.96,0.16,2.71,6.5,0.9775,10,0.0,1,0,49.5890411,12.675694955157814,Panel Degradation (%),High panel degradation detected. Consider panel maintenance or replacement.,66.3047653
29-12-2024,3.37,2.5275,0.8425,12.13,12.21,20.74,6.09,70.31,0.0,3.26,40.1,0.979,10,0.012975257,0,0,49.7260274,19.039602515442528,Panel Degradation (%),High panel degradation detected. Consider panel maintenance or replacement.,61.26496497
30-12-2024,3.3,2.475,0.825,12.15,12.49,20.76,5.57,59.39,0.0,2.33,51.5,0.9782,10,0.033541411,0,0,49.8630137,22.316554272304057,Earth Skin Temperature (°C),Significant impact from Earth Skin Temperature (°C). Investigate further.,59.87380523
31-12-2024,3.36,2.52,0.84,13.23,13.03,22.55,5.74,51.56,0.0,2.67,101.8,0.9781,10,0.057655622,0,0,50.0,23.12948777624988,Earth Skin Temperature (°C),Significant impact from Earth Skin Temperature (°C). Investigate further.,52.83450213
